-99.95,0.0013621835655443359
-99.85000000000001,0.0005766557962857896
-99.75,-0.00021625640710664506
-99.65,-0.0010088862867210704
-99.55,-0.0017935829082343503
-99.45,-0.002562784892501266
-99.35000000000001,-0.003309092864971317
-99.25,-0.004025339934219148
-99.15,-0.00470465953650279
-99.05,-0.005340550015019974
-98.95,-0.0059269353399989
-98.85000000000001,-0.006458221418511185
-98.75,-0.006929347490441195
-98.65,-0.0073358321588773605
-98.55,-0.007673813658722217
-98.45,-0.007940084026010992
-98.35000000000001,-0.008132116891629116
-98.25,-0.008248088686254044
-98.15,-0.00828689310774773
-98.05,-0.00824814876730272
-97.95,-0.008132199995728716
-97.85000000000001,-0.007940110855779356
-97.75,-0.007673652469731508
-97.65,-0.00733528383296967
-97.55,-0.006928126343547228
-97.45,-0.006455932334055204
-97.35000000000001,-0.005923047945152169
-97.25,-0.0053343707293375675
-97.15,-0.004695302418576364
-97.05,-0.004011697329850722
-96.95,-0.0032898069183051664
-96.85000000000001,-0.0025362210180998965
-96.75,-0.00175780633618645
-96.65,-0.0009616427838238056
-96.55,-0.00015495824461063537
-96.45,0.0006549376138457941
-96.35000000000001,0.0014607198748732275
-96.25,0.0022551146474721214
-96.15,0.0030309644824872326
-96.05,0.0037812923456527698
-95.95,0.004499363581885165
-95.85000000000001,0.005178745329051104
-95.75,0.005813362867888341
-95.65,0.006397552427517414
-95.55,0.0069261100026584985
-95.45,0.007394335778909
-95.35000000000001,0.007798073805804024
-95.25,0.008133746603449687
-95.15,0.00839838443683891
-95.05,0.008589649042061115
-94.95,0.008705851640021613
-94.85000000000001,0.008745965125536794
-94.75,0.008709630372262831
-94.65,0.008597156646395921
-94.55,0.008409516173978428
-94.45,0.00814833295750806
-94.35000000000001,0.007815865986943709
-94.25,0.007414987037708908
-94.15,0.0069491532935359295
-94.05,0.006422375074588277
-93.95,0.005839178990924068
-93.85000000000001,0.005204566877711428
-93.75,0.00452397090139386
-93.65,0.0038032052550334857
-93.55,0.0030484148860747324
-93.45,0.002266021720680551
-93.35000000000001,0.00146266886541401
-93.25,0.0006451632793300489
-93.15,-0.00017958258254768548
-93.05,-0.0010046096498925424
-92.95,-0.0018229711382359939
-92.85000000000001,-0.0026277909721173004
-92.75,-0.0034123212410171184
-92.65,-0.004169998212215884
-92.55,-0.004894496441930773
-92.45,-0.005579780546949259
-92.35000000000001,-0.006220154223291529
-92.25,-0.0068103061259041685
-92.15,-0.007345352253760861
-92.05,-0.007820874517723984
-91.95,-0.00823295520376197
-91.85000000000001,-0.008578207081328943
-91.75,-0.008853798945519189
-91.65,-0.009057476421687692
-91.55,-0.009187577902210942
-91.45,-0.00924304552659768
-91.35000000000001,-0.009223431157895357
-91.25,-0.009128897349931936
-91.15,-0.008960213341021891
-91.05,-0.008718746150046093
-90.95,-0.008406446889942637
-90.85000000000001,-0.008025832451330343
-90.75,-0.007579962744934796
-90.65,-0.007072413725435866
-90.55,-0.006507246451041446
-90.45,-0.005888972462320147
-90.35,-0.005222515790365164
-90.25,-0.0045131719280522
-90.15,-0.003766564118849222
-90.05,-0.0029885973352082097
-89.95,-0.002185410332921017
-89.85,-0.0013633261788928422
-89.75,-0.0005288016575442423
-89.65,0.00031162403453767826
-89.55,0.0011513808949763977
-89.45,0.0019839196144580905
-89.35,0.0028027625649029173
-89.25,0.00360155388228129
-89.15,0.004374108260921243
-89.05,0.0051144580905004905
-88.95,0.005816898583994932
-88.85,0.00647603056445398
-88.75,0.007086800600407209
-88.65,0.007644538203767342
-88.55,0.008144989830070627
-88.45,0.008584349448529559
-88.35,0.008959285478456517
-88.25,0.009266963918867032
-88.15,0.009505067529264265
-88.05,0.009671810951464879
-87.95,0.009765951694602157
-87.85,0.00978679693788716
-87.75,0.009734206138043962
-87.65,0.009608589460355008
-87.55,0.009410902083670217
-87.45,0.009142634460359395
-87.35,0.008805798641771612
-87.25,0.008402910808106784
-87.15,0.007936970168525072
-87.05,0.007411434422597591
-86.95,0.006830191997720024
-86.85,0.006197531298681252
-86.75,0.005518107225086868
-86.65,0.004796905229669747
-86.55,0.0040392032055783155
-86.45,0.003250531503433133
-86.35,0.0024366313892440223
-86.25,0.0016034122621307295
-86.15,0.0007569079561710317
-86.05,-0.00009676754637188533
-85.95,-0.0009514646627280699
-85.85,-0.0018010426924271522
-85.75,-0.0026394139137511465
-85.65,-0.003460586978948459
-85.55,-0.004258709302104114
-85.45,-0.005028108144470506
-85.35,-0.005763330114939175
-85.25,-0.006459178818084544
-85.15,-0.007110750398689917
-85.05,-0.007713466749715768
-84.95,-0.008263106170144233
-84.85,-0.008755831279870856
-84.75,-0.009188214020627776
-84.65,-0.009557257594661167
-84.55,-0.009860415216346634
-84.45,-0.010095605575952354
-84.35,-0.010261224939148507
-84.25,-0.010356155830450476
-84.15,-0.010379772273384553
-84.05,-0.010331941584605599
-83.95,-0.01021302274330632
-83.85,-0.010023861380870169
-83.75,-0.009765781458685214
-83.65,-0.009440573724181292
-83.55,-0.009050481056372349
-83.45,-0.008598180832304046
-83.35,-0.008086764464732553
-83.25,-0.007519714278973603
-83.15,-0.006900877913052782
-83.05,-0.006234440439974528
-82.95,-0.0055248944240428605
-82.85,-0.004777008134624501
-82.75,-0.003995792150518521
-82.65,-0.0031864645961206966
-82.55,-0.0023544152568568365
-82.45,-0.0015051688258424462
-82.35,-0.0006443475364566975
-82.25,0.00022236656352061032
-82.15,0.0010892694413428107
-82.05,0.001950672759920918
-81.95,0.0028009411613989592
-81.85,0.003634528911191302
-81.75,0.004446015667271527
-81.65,0.005230141148255502
-81.55,0.005981838483933422
-81.45,0.006696266043321752
-81.35,0.007368837547901979
-81.25,0.007995250291386839
-81.15,0.008571511302016594
-81.05,0.009093961298895567
-80.95,0.009559296310131731
-80.85,0.009964586837431396
-80.75,0.010307294469159671
-80.65,0.010585285861645791
-80.55,0.010796844026513732
-80.45,0.010940676879953164
-80.35,0.01101592302800191
-80.25,0.01102215477994807
-80.15,0.010959378399777744
-80.05,0.010828031623077565
-79.95,0.010628978483843905
-79.85,0.010363501512142296
-79.75,0.010033291379420751
-79.65,0.009640434083397114
-79.55,0.009187395778755146
-79.45,0.008677005373292279
-79.35,0.008112435021612664
-79.25,0.00749717865989434
-79.15,0.006835028735590321
-79.05,0.0061300512951599105
-78.95,0.005386559600974483
-78.85,0.004609086455401289
-78.75,0.0038023554157287304
-78.65,0.0029712510879942606
-78.55,0.002120788690973595
-78.45,0.001256083083528036
-78.35,0.0003823174492328004
-78.25,-0.0004952881682678341
-78.15,-0.0013715082874009635
-78.05,-0.002241143179331013
-77.95,-0.003099049642103673
-77.85,-0.003940171178214271
-77.75,-0.004759567401550856
-77.65,-0.005552442506629083
-77.55,-0.0063141726409115155
-77.45,-0.007040332029706569
-77.35,-0.00772671771262198
-77.25,-0.008369372760715577
-77.15,-0.008964607854292955
-77.05,-0.009509021112628939
-76.95,-0.009999516078714993
-76.85,-0.01043331777432389
-76.75,-0.01080798675318811
-76.65,-0.01112143109282828
-76.55,-0.011371916278441684
-76.45,-0.011558072945208591
-76.35,-0.011678902458313049
-76.25,-0.011733780322820714
-76.15,-0.011722457428244359
-76.05,-0.011645059145081257
-75.95,-0.011502082302753371
-75.85,-0.011294390090168801
-75.75,-0.011023204931468508
-75.65,-0.010690099400385553
-75.55,-0.010296985246967105
-75.45,-0.009846100620127548
-75.35,-0.009339995578592535
-75.25,-0.008781515991204714
-75.15,-0.008173785935245294
-75.05,-0.00752018870838542
-74.95,-0.0068243465760467635
-74.85,-0.006090099381339146
-74.75,-0.005321482149319592
-74.65,-0.004522701821067559
-74.55,-0.0036981132560098833
-74.45,-0.0028521946430288946
-74.35,-0.001989522462174348
-74.25,-0.0011147461392677057
-74.15,-0.0002325625353600252
-74.05,0.0006523095881106513
-73.95,0.0015351549894952006
-73.85,0.0024112871160828315
-73.75,0.0032760728891851033
-73.65,0.004124956976121963
-73.55,0.004953485424702092
-73.45,0.005757328541039928
-73.35,0.006532302897348651
-73.25,0.007274392362674727
-73.15,0.007979768056332536
-73.05,0.008644807131020381
-72.95,0.009266110300207105
-72.85,0.009840518032308506
-72.75,0.010365125342392494
-72.65,0.010837295120592946
-72.55,0.011254669945048687
-72.45,0.011615182335931217
-72.35,0.011917063415972665
-72.25,0.01215884995177178
-72.15,0.012339389759007242
-72.05,0.012457845463481325
-71.95,0.012513696618595712
-71.85,0.012506740188385955
-71.75,0.012437089413574973
-71.65,0.012305171086197683
-71.55,0.012111721266171825
-71.45,0.011857779480697177
-71.35,0.01154468145453591
-71.25,0.011174050426016659
-71.15,0.010747787109995325
-71.05,0.010268058374970768
-70.95,0.0097372847070642
-70.85,0.009158126538615365
-70.75,0.008533469523703412
-70.65,0.007866408846960367
-70.55,0.007160232655587263
-70.45,0.006418404707513854
-70.35,0.005644546331139342
-70.25,0.004842417794077899
-70.15,0.004015899179773828
-70.05,0.003168970871789598
-69.95,0.0023056937459787733
-69.85,0.0014301891706576374
-69.75,0.00054661891430879
-69.65,-0.0003408349407397393
-69.55,-0.0012279899817469438
-69.45,-0.002110683251193337
-69.35,-0.002984790742132528
-69.25,-0.0038462465136070117
-69.15,-0.004691061339711377
-69.05,-0.0055153408094657155
-68.95,-0.0063153027985941605
-68.85,-0.007087294238547061
-68.75,-0.007827807112627302
-68.65,-0.008533493613864568
-68.55,-0.009201180404293163
-68.45,-0.009827881920496684
-68.35,-0.010410812675663371
-68.25,-0.010947398513912089
-68.15,-0.011435286778274902
-68.05,-0.01187235535943549
-67.95,-0.01225672059807292
-67.85,-0.012586744019452102
-67.75,-0.012861037884663635
-67.65,-0.01307846954866832
-67.55000000000001,-0.013238164620976893
-67.45,-0.013339508930387387
-67.35,-0.013382149300693627
-67.25,-0.013365993149617391
-67.15,-0.01329120692841687
-67.05000000000001,-0.01315821342463339
-66.95,-0.012967687955250794
-66.85,-0.012720553482149675
-66.75,-0.01241797468609523
-66.65,-0.012061351039617176
-66.55000000000001,-0.011652308923000813
-66.45,-0.011192692831177114
-66.35,-0.010684555722602514
-66.25,-0.010130148564217796
-66.15,-0.009531909129266948
-66.05000000000001,-0.008892450107154632
-65.95,-0.00821454658659693
-65.85,-0.007501122975076314
-65.75,-0.006755239419070894
-65.65,-0.005980077790645071
-65.55000000000001,-0.0051789273068192825
-65.45,-0.004355169848634559
-65.35,-0.003512265047028335
-65.25,-0.0026537352025417745
-65.15,-0.0017831501054803025
-65.05000000000001,-0.0009041118224750029
-64.95,-0.000020239514430862692
-64.85,0.000864845650367256
-64.75,0.0017475354256931968
-64.65,0.002624249198794411
-64.55000000000001,0.003491448425139087
-64.45,0.004345650730038836
-64.35,0.005183443623028181
-64.25,0.006001497773453184
-64.15,0.006796579798425418
-64.05000000000001,0.0075655645171794775
-63.95,0.008305446628888762
-63.85,0.009013351774129754
-63.75,0.009686546943428303
-63.65,0.010322450199660722
-63.550000000000004,0.010918639684487285
-63.45,0.011472861882467664
-63.35,0.011983039120008334
-63.25,0.012447276279835238
-63.15,0.01286386671522248
-63.050000000000004,0.01323129735174779
-62.95,0.01354825296786303
-62.85,0.013813619649058882
-62.75,0.01402648741382093
-62.65,0.014186152012972103
-62.550000000000004,0.014292115907269441
-62.45,0.014344088431356804
-62.35,0.014341985155273702
-62.25,0.014285926457735144
-62.15,0.014176235328277047
-62.050000000000004,0.01401343441812674
-61.95,0.013798242362273729
-61.85,0.01353156939769691
-61.75,0.01321451230503287
-61.65,0.012848348703135988
-61.55,0.01243453072799206
-61.45,0.011974678129287847
-61.35,0.011470570819610072
-61.25,0.01092414091274526
-61.15,0.010337464288875229
-61.05,0.009712751725612078
-60.95,0.009052339634783663
-60.85,0.008358680445676179
-60.75,0.007634332676061686
-60.65,0.006881950732777272
-60.55,0.0061042744839041345
-60.45,0.005304118644687792
-60.35,0.00448436201929673
-60.25,0.0036479366402792763
-60.15,0.002797816847213799
-60.05,0.0019370083455154997
-59.95,0.0010685372856851453
-59.85,0.00019543940248325874
-59.75,-0.0006792507474408572
-59.65,-0.0015525104120038382
-59.55,-0.0024213390979491147
-59.45,-0.003282768817949081
-59.35,-0.004133874096972442
-59.25,-0.004971781705855278
-59.15,-0.005793680091591817
-59.05,-0.006596828475530305
-58.95,-0.007378565592399723
-58.85,-0.008136318044895863
-58.75,-0.008867608250398121
-58.65,-0.009570061958310271
-58.55,-0.010241415318439374
-58.45,-0.010879521482809386
-58.35,-0.011482356725286616
-58.25,-0.012048026065407244
-58.15,-0.012574768384803658
-58.05,-0.013060961026632113
-57.95,-0.013505123870409827
-57.85,-0.013905922876647287
-57.75,-0.014262173097623794
-57.65,-0.014572841152583262
-57.55,-0.014837047167522053
-57.45,-0.015054066181589543
-57.35,-0.015223329023929524
-57.25,-0.015344422666535514
-57.15,-0.015417090060391091
-57.05,-0.015441229463787683
-56.95,-0.015416893273281974
-56.85,-0.015344286369238038
-56.75,-0.015223763989320554
-56.65,-0.01505582914463766
-56.55,-0.014841129594493414
-56.45,-0.01458045439688265
-56.35,-0.014274730052942369
-56.25,-0.013925016264588657
-56.15,-0.013532501325465187
-56.05,-0.013098497166165856
-55.95,-0.012624434075418554
-55.85,-0.012111855119567898
-55.75,-0.011562410283240116
-55.65,-0.010977850354545807
-55.55,-0.010360020578539674
-55.45,-0.009710854102954091
-55.35,-0.009032365240413055
-55.25,-0.008326642571449579
-55.15,-0.007595841912687516
-55.05,-0.006842179174481861
-54.95,-0.006067923132198776
-54.85,-0.0052753881350935715
-54.75,-0.0044669267764786335
-54.65,-0.003644922548506578
-54.55,-0.0028117825044829932
-54.45,-0.001969929951134812
-54.35,-0.0011217971927126864
-54.25,-0.0002698183481978037
-54.15,0.0005835777377712375
-54.05,0.0014359744703510413
-53.95,0.002284974347182798
-53.85,0.00312820564997916
-53.75,0.00396332896750852
-53.65,0.004788043533356552
-53.55,0.005600093362758807
-53.45,0.006397273173725992
-53.35,0.00717743407866248
-53.25,0.007938489033648698
-53.15,0.008678418033565172
-53.05,0.009395273042252184
-52.95,0.010087182647917551
-52.85,0.010752356435042286
-52.75,0.011389089065056512
-52.65,0.011995764059103482
-52.55,0.012570857277224777
-52.45,0.013112940089331206
-52.35,0.013620682234325731
-52.25,0.014092854364749769
-52.15,0.014528330275302105
-52.05,0.01492608881454312
-51.95,0.015285215480039136
-51.85,0.01560490369812161
-51.75,0.01588445579032593
-51.65,0.016123283629443236
-51.55,0.01632090898894711
-51.45,0.0164769635903714
-51.35,0.016591188853972805
-51.25,0.016663435358759887
-51.15,0.01669366201865982
-51.05,0.016681934982264737
-50.95,0.016628426264219454
-50.85,0.016533412116896747
-50.75,0.016397271151561595
-50.65,0.016220482218715762
-50.55,0.016003622057794657
-50.45,0.015747362726801484
-50.35,0.015452468822851223
-50.25,0.015119794504941046
-50.15,0.014750280330554161
-50.05,0.01434494991798028
-49.95,0.013904906446437755
-49.85,0.013431329006274837
-49.75,0.012925468811665605
-49.65,0.012388645288307427
-49.55,0.011822242048708327
-49.45,0.011227702767659697
-49.35,0.01060652697049661
-49.25,0.009960265746696005
-49.15,0.009290517401279582
-49.05,0.008598923056390173
-48.95,0.007887162215256956
-48.85,0.007156948300594436
-48.75,0.006410024179280171
-48.65,0.005648157684931168
-48.55,0.004873137149727865
-48.45,0.004086766956577867
-48.35,0.0032908631223895826
-48.25,0.002487248922910694
-48.15,0.0016777505692429325
-48.05,0.0008641929457738727
-47.95,0.000048395418895692
-47.85,-0.0007678322745168253
-47.75,-0.0015826940503107156
-47.65,-0.002394411403797608
-47.55,-0.003201227232327504
-47.45,-0.004001409546424597
-47.35,-0.004793255062667815
-47.25,-0.005575092671951884
-47.15,-0.006345286777226094
-47.05,-0.007102240495270908
-46.95,-0.007844398717541076
-46.85,-0.008570251025564048
-46.75,-0.009278334456859164
-46.65,-0.009967236117792716
-46.55,-0.010635595640262584
-46.45,-0.01128210747954795
-46.35,-0.011905523051120229
-46.25,-0.012504652704656337
-46.15,-0.013078367533929013
-46.05,-0.013625601021686203
-45.95,-0.01414535051904474
-45.85,-0.014636678559341688
-45.75,-0.015098714006780124
-45.65,-0.015530653040602334
-45.55,-0.015931759975891035
-45.45,-0.01630136792246985
-45.35,-0.016638879283723304
-45.25,-0.016943766097485543
-45.15,-0.017215570221483262
-45.05,-0.017453903366106215
-44.95,-0.01765844697759256
-44.85,-0.01782895197496956
-44.75,-0.017965238344371068
-44.65,-0.018067194594585556
-44.55,-0.018134777077920106
-44.45,-0.018168009180683585
-44.35,-0.01816698038777639
-44.25,-0.018131845226073303
-44.15,-0.018062822091426997
-44.05,-0.017960191964289107
-43.95,-0.017824297019062563
-43.85,-0.01765553913242028
-43.75,-0.017454378295931505
-43.65,-0.017221330938408965
-43.55,-0.016956968163469706
-43.45,-0.016661913907859364
-43.35,-0.016336843026117452
-43.25,-0.0159824793072027
-43.15,-0.015599593428695355
-43.05,-0.0151890008542073
-42.95,-0.014751559679600608
-42.85,-0.014288168433599537
-42.75,-0.013799763838341651
-42.65,-0.013287318535353847
-42.55,-0.012751838782386542
-42.45,-0.01219436212646706
-42.35,-0.011615955058437502
-42.25,-0.011017710654171248
-42.15,-0.010400746207536705
-42.05,-0.009766200860088786
-41.95,-0.009115233232333873
-41.85,-0.008449019061294874
-41.75,-0.007768748848972616
-41.65,-0.007075625526154065
-41.55,-0.006370862135874684
-41.45,-0.0056556795406954895
-41.35,-0.004931304157792689
-41.25,-0.004198965725701844
-41.15,-0.0034598951063967522
-41.05,-0.00271532212620414
-40.95,-0.001966473458903149
-40.85,-0.0012145705541679415
-40.75,-0.0004608276143499844
-40.65,0.00029355037758883727
-40.55,0.0010473695763522227
-40.45,0.0017994491363322602
-40.35,0.0025486230151036656
-40.25,0.0032937417162760612
-40.15,0.004033673969783789
-40.05,0.0047673083478606965
-39.95,0.0054935548151176265
-39.85,0.0062113462113282955
-39.75,0.006919639665680474
-39.65,0.007617417941436526
-39.55,0.008303690710097691
-39.45,0.008977495754340304
-39.35,0.009637900099145724
-39.25,0.010284001070703853
-39.15,0.010914927282820204
-39.05,0.011529839550710583
-38.95,0.012127931732203868
-38.85,0.012708431496520164
-38.75,0.01327060102091992
-38.65,0.013813737615662331
-38.55,0.014337174277820119
-38.45,0.014840280174636077
-38.35,0.015322461057212628
-38.25,0.015783159605437608
-38.15,0.01622185570516233
-38.05,0.016638066658737734
-37.95,0.017031347330120745
-37.85,0.017401290225846876
-37.75,0.017747525513251323
-37.65,0.01806972097739911
-37.55,0.018367581918264906
-37.45,0.01864085098976275
-37.35,0.018889307982299458
-37.25,0.01911276955057683
-37.15,0.0193110888884227
-37.05,0.019484155352485395
-36.95,0.01963189403665552
-36.85,0.01975426529913656
-36.75,0.019851264244099363
-36.65,0.019922920159897637
-36.55,0.01996929591584107
-36.45,0.019990487319544153
-36.35,0.019986622436873443
-36.25,0.019957860876547474
-36.15,0.019904393041426664
-36.05,0.01982643934854865
-35.95,0.019724249419954726
-35.849999999999994,0.01959810124635427
-35.75,0.01944830032565518
-35.650000000000006,0.019275178778386196
-35.55,0.019079094442012792
-35.45,0.01886042994613249
-35.349999999999994,0.018619591770514154
-35.25,0.01835700928791506
-35.150000000000006,0.01807313379358703
-35.05,0.017768437523350517
-34.95,0.01744341266207888
-34.849999999999994,0.017098570344402656
-34.75,0.01673443964940449
-34.650000000000006,0.01635156659103718
-34.55,0.01595051310595086
-34.45,0.015531856040376369
-34.349999999999994,0.015096186137664027
-34.25,0.01464410702803264
-34.150000000000006,0.014176234222029741
-34.05,0.01369319410916279
-33.95,0.013195622963106233
-33.849999999999994,0.01268416595483608
-33.75,0.012159476174994813
-33.650000000000006,0.011622213666740258
-33.55,0.011073044470266653
-33.45,0.010512639680148128
-33.349999999999994,0.009941674516589625
-33.25,0.009360827411616479
-33.150000000000006,0.008770779111188391
-33.05,0.008172211794160536
-32.95,0.0075658082089642715
-32.849999999999994,0.006952250828823167
-32.75,0.006332221026271349
-32.650000000000006,0.005706398267682898
-32.55,0.005075459328473293
-32.45,0.004440077529574405
-32.349999999999994,0.003800921995743186
-32.25,0.003158656936202497
-32.150000000000006,0.0025139409480716794
-32.05,0.0018674263429901059
-31.950000000000003,0.0012197584972899443
-31.849999999999994,0.0005715752260269424
-31.75,-0.00007649381886671211
-31.650000000000006,-0.0007238277260928169
-31.549999999999997,-0.0013698148779825302
-31.450000000000003,-0.002013853478850571
-31.349999999999994,-0.0026553520586203834
-31.25,-0.003293729951665872
-31.150000000000006,-0.003928417750866455
-31.049999999999997,-0.004558857736906657
-30.950000000000003,-0.005184504282876558
-30.849999999999994,-0.005804824234286289
-30.75,-0.006419297264621546
-30.650000000000006,-0.0070274162066127676
-30.549999999999997,-0.007628687359417938
-30.450000000000003,-0.008222630771943433
-30.349999999999994,-0.008808780502570319
-30.25,-0.009386684855562355
-30.150000000000006,-0.009955906594476815
-30.049999999999997,-0.010516023132906702
-29.950000000000003,-0.011066626702916442
-29.849999999999994,-0.011607324501557421
-29.75,-0.012137738815855514
-29.650000000000006,-0.012657507126703537
-29.549999999999997,-0.013166282192088076
-29.450000000000003,-0.01366373211011018
-29.349999999999994,-0.014149540362274648
-29.25,-0.014623405837528141
-29.150000000000006,-0.015085042837545177
-29.049999999999997,-0.015534181063775363
-28.950000000000003,-0.015970565586767127
-28.849999999999994,-0.016393956798303667
-28.75,-0.016804130346882475
-28.650000000000006,-0.017200877057086165
-28.549999999999997,-0.017584002833400503
-28.450000000000003,-0.01795332854902439
-28.349999999999994,-0.018308689920242427
-28.25,-0.018649937366915986
-28.150000000000006,-0.01897693585966167
-28.049999999999997,-0.019289564754277556
-27.950000000000003,-0.01958771761399061
-27.849999999999994,-0.019871302020082516
-27.75,-0.02014023937146352
-27.650000000000006,-0.020394464673751705
-27.549999999999997,-0.020633926318418355
-27.450000000000003,-0.020858585852553117
-27.349999999999994,-0.021068417739795505
-27.25,-0.021263409112984542
-27.150000000000006,-0.02144355951905598
-27.049999999999997,-0.021608880656729553
-26.950000000000003,-0.021759396107501355
-26.849999999999994,-0.021895141060467884
-26.75,-0.022016162031485133
-26.650000000000006,-0.022122516577168513
-26.549999999999997,-0.02221427300422234
-26.450000000000003,-0.022291510074585186
-26.349999999999994,-0.0223543167068602
-26.25,-0.02240279167449852
-26.150000000000006,-0.02243704330118303
-26.049999999999997,-0.022457189153860004
-25.950000000000003,-0.02246335573384366
-25.849999999999994,-0.022455678166420256
-25.75,-0.02243429988935203
-25.650000000000006,-0.022399372340686084
-25.549999999999997,-0.02235105464624741
-25.450000000000003,-0.022289513307189916
-25.349999999999994,-0.02221492188797023
-25.25,-0.02212746070508609
-25.150000000000006,-0.022027316516926472
-25.049999999999997,-0.021914682215045705
-24.950000000000003,-0.021789756517184417
-24.849999999999994,-0.021652743662328538
-24.75,-0.02150385310810369
-24.650000000000006,-0.021343299230769993
-24.549999999999997,-0.021171301028089257
-24.450000000000003,-0.020988081825307408
-24.349999999999994,-0.02079386898450198
-24.25,-0.02058889361751006
-24.150000000000006,-0.020373390302662144
-24.049999999999997,-0.020147596805514895
-23.950000000000003,-0.019911753803788765
-23.849999999999994,-0.019666104616677147
-23.75,-0.019410894938702364
-23.650000000000006,-0.019146372578280984
-23.549999999999997,-0.01887278720113709
-23.450000000000003,-0.018590390078705717
-23.349999999999994,-0.018299433841649695
-23.25,-0.018000172238610276
-23.14999999999999,-0.01769285990028826
-23.049999999999997,-0.017377752108959352
-22.950000000000003,-0.01705510457350736
-22.849999999999994,-0.01672517321004845
-22.75,-0.016388213928218154
-22.64999999999999,-0.01604448242317458
-22.549999999999997,-0.01569423397337506
-22.450000000000003,-0.015337723244156597
-22.349999999999994,-0.014975204097162326
-22.25,-0.014606929405633259
-22.14999999999999,-0.01423315087558595
-22.049999999999997,-0.013854118872880515
-21.950000000000003,-0.013470082256187418
-21.849999999999994,-0.013081288215845956
-21.75,-0.012687982118600429
-21.64999999999999,-0.012290407358201604
-21.549999999999997,-0.011888805211841495
-21.450000000000003,-0.011483414702404606
-21.349999999999994,-0.011074472466485056
-21.25,-0.010662212628135591
-21.14999999999999,-0.010246866678309754
-21.049999999999997,-0.00982866335992925
-20.950000000000003,-0.009407828558533846
-20.849999999999994,-0.008984585198451635
-20.75,-0.008559153144417858
-20.64999999999999,-0.008131749108583771
-20.549999999999997,-0.007702586562834662
-20.450000000000003,-0.007271875656347239
-20.349999999999994,-0.006839823138302486
-20.25,-0.00640663228567655
-20.14999999999999,-0.005972502836019259
-20.049999999999997,-0.005537630925137836
-19.950000000000003,-0.005102209029592375
-19.849999999999994,-0.00466642591390848
-19.75,-0.004230466582420485
-19.64999999999999,-0.0037945122356385563
-19.549999999999997,-0.0033587402310488092
-19.450000000000003,-0.0029233240482448345
-19.349999999999994,-0.0024884332582894688
-19.25,-0.002054233497202666
-19.14999999999999,-0.0016208864434779028
-19.049999999999997,-0.001188549799515127
-18.950000000000003,-0.0007573772768753904
-18.849999999999994,-0.0003275185852417301
-18.75,0.00010088057500878326
-18.64999999999999,0.0005276785167392482
-18.549999999999997,0.000952737566586855
-18.450000000000003,0.0013759240622109783
-18.349999999999994,0.0017971083463594246
-18.25,0.0022161647578559586
-18.14999999999999,0.002632971619614377
-18.049999999999997,0.003047411223787402
-17.950000000000003,0.003459369814149454
-17.849999999999994,0.003868737565820055
-17.75,0.004275408562427375
-17.64999999999999,0.004679280770816109
-17.549999999999997,0.0050802560133991585
-17.450000000000003,0.005478239938252198
-17.349999999999994,0.005873141987049612
-17.25,0.0062648753609403866
-17.14999999999999,0.0066533569844567245
-17.049999999999997,0.007038507467555844
-16.950000000000003,0.0074202510658799795
-16.849999999999994,0.0077985156393329145
-16.75,0.008173232609062301
-16.64999999999999,0.008544336912932037
-16.549999999999997,0.008911766959579041
-16.450000000000003,0.009275464581132157
-16.349999999999994,0.00963537498468552
-16.25,0.009991446702598022
-16.14999999999999,0.010343631541710923
-16.049999999999997,0.01069188453155372
-15.950000000000003,0.011036163871616681
-15.849999999999994,0.011376430877772273
-15.75,0.011712649927904217
-15.649999999999991,0.012044788406834327
-15.549999999999997,0.012372816650599026
-15.450000000000003,0.012696707890154365
-15.349999999999994,0.013016438194575486
-15.25,0.013331986413805407
-15.149999999999991,0.01364333412102606
-15.049999999999997,0.013950465554706975
-14.950000000000003,0.014253367560388948
-14.849999999999994,0.014552029532262195
-14.75,0.014846443354594209
-14.649999999999991,0.015136603343056184
-14.549999999999997,0.015422506186003727
-14.450000000000003,0.015704150885760097
-14.349999999999994,0.015981538699948183
-14.25,0.016254673082918412
-14.149999999999991,0.016523559627315595
-14.049999999999997,0.016788206005828588
-13.950000000000003,0.01704862191316505
-13.849999999999994,0.017304819008280844
-13.75,0.017556810856916957
-13.649999999999991,0.017804612874464627
-13.549999999999997,0.018048242269202746
-13.450000000000003,0.018287717985935016
-13.349999999999994,0.01852306065005832
-13.25,0.01875429251209278
-13.149999999999991,0.01898143739270285
-13.049999999999997,0.01920452062822932
-12.950000000000003,0.019423569016765473
-12.849999999999994,0.01963861076479316
-12.75,0.019849675434408444
-12.649999999999991,0.020056793891148738
-12.549999999999997,0.020259998252447432
-12.450000000000003,0.020459321836732124
-12.349999999999994,0.020654799113182878
-12.25,0.02084646565216179
-12.149999999999991,0.021034358076337946
-12.049999999999997,0.021218514012511295
-11.950000000000003,0.02139897204414966
-11.849999999999994,0.021575771664653062
-11.75,0.02174895323135348
-11.649999999999991,0.021918557920253778
-11.549999999999997,0.022084627681519347
-11.450000000000003,0.022247205195729057
-11.349999999999994,0.02240633383088527
-11.25,0.02256205760019227
-11.149999999999991,0.0227144211206072
-11.049999999999997,0.02286346957216112
-10.950000000000003,0.0230092486580616
-10.849999999999994,0.023151804565565762
-10.75,0.023291183927634313
-10.649999999999991,0.023427433785361187
-10.549999999999997,0.023560601551179196
-10.450000000000003,0.023690734972840063
-10.349999999999994,0.023817882098163684
-10.25,0.023942091240556802
-10.149999999999991,0.024063410945298278
-10.049999999999997,0.024181889956576778
-9.950000000000003,0.024297577185294753
-9.849999999999994,0.024410521677611503
-9.75,0.024520772584234417
-9.649999999999991,0.024628379130448127
-9.549999999999997,0.02473339058686911
-9.450000000000003,0.024835856240929755
-9.349999999999994,0.02493582536906863
-9.25,0.025033347209634963
-9.149999999999991,0.025128470936486343
-9.049999999999997,0.025221245633275925
-8.950000000000003,0.025311720268421885
-8.849999999999994,0.025399943670743608
-8.75,0.025485964505758452
-8.649999999999991,0.025569831252631084
-8.549999999999997,0.025651592181759806
-8.450000000000003,0.025731295332992298
-8.349999999999994,0.025808988494459745
-8.25,0.02588471918201845
-8.149999999999991,0.025958534619285278
-8.049999999999997,0.02603048171826006
-7.950000000000003,0.02610060706052036
-7.849999999999994,0.026168956878974692
-7.75,0.026235577040168868
-7.6499999999999915,0.02630051302712815
-7.549999999999997,0.0263638099227249
-7.450000000000003,0.026425512393561595
-7.349999999999994,0.02648566467435249
-7.25,0.02654431055279849
-7.1499999999999915,0.026601493354936098
-7.049999999999997,0.0266572559309534
-6.950000000000003,0.02671164064146103
-6.849999999999994,0.026764689344198067
-6.75,0.026816443381174903
-6.6499999999999915,0.026866943566227798
-6.549999999999997,0.026916230172977822
-6.450000000000003,0.026964342923186408
-6.349999999999994,0.027011320975489903
-6.25,0.027057202914502813
-6.1499999999999915,0.027102026740278083
-6.049999999999997,0.027145829858116206
-5.950000000000003,0.02718864906870514
-5.849999999999994,0.02723052055858399
-5.75,0.027271479890919933
-5.6499999999999915,0.027311561996582377
-5.549999999999997,0.02735080116550958
-5.450000000000003,0.027389231038351176
-5.349999999999994,0.02742688459837818
-5.25,0.027463794163651408
-5.1499999999999915,0.02749999137943571
-5.049999999999997,0.027535507210850813
-4.950000000000003,0.027570371935744693
-4.849999999999994,0.027604615137787874
-4.75,0.02763826569977226
-4.6499999999999915,0.02767135179710393
-4.549999999999997,0.027703900891486725
-4.450000000000003,0.02773593972478208
-4.349999999999994,0.027767494313037863
-4.25,0.02779858994067995
-4.1499999999999915,0.027829251154850094
-4.049999999999997,0.027859501759892415
-3.950000000000003,0.027889364811973984
-3.8499999999999943,0.02791886261383017
-3.75,0.02794801670963072
-3.6499999999999915,0.027976847879960832
-3.549999999999997,0.028005376136902606
-3.450000000000003,0.02803362071921675
-3.3499999999999943,0.028061600087615875
-3.25,0.02808933192012179
-3.1499999999999915,0.028116833107500377
-3.049999999999997,0.028144119748770107
-2.950000000000003,0.028171207146776494
-2.8499999999999943,0.028198109803828617
-2.75,0.028224841417391
-2.6499999999999915,0.028251414875825658
-2.549999999999997,0.02827784225418125
-2.450000000000003,0.028304134810025923
-2.3499999999999943,0.028330302979312886
-2.25,0.028356356372286354
-2.1499999999999915,0.02838230376941284
-2.049999999999997,0.02840815311733951
-1.9500000000000028,0.02843391152487953
-1.8499999999999943,0.028459585259018372
-1.75,0.028485179740931912
-1.6499999999999915,0.028510699542032492
-1.5499999999999972,0.028536148380018368
-1.4500000000000028,0.028561529114944716
-1.3499999999999943,0.028586843745300287
-1.25,0.028612093404099464
-1.1499999999999915,0.028637278354980276
-1.0499999999999972,0.02866239798831564
-0.9500000000000028,0.028687450817331338
-0.8499999999999943,0.02871243447423671
-0.75,0.028737345706362754
-0.6499999999999915,0.028762180372314254
-0.5499999999999972,0.028786933438130963
-0.45000000000000284,0.028811598973467953
-0.3499999999999943,0.028836170147786618
-0.25,0.028860639226565735
-0.14999999999999147,0.028884997567534976
-0.04999999999999716,0.02890923561692672
0.04999999999999716,0.028933342905760145
0.15000000000000568,0.02895730804615237
0.25,0.028981118727661195
0.3500000000000085,0.029004761713670328
0.45000000000000284,0.029028222837814338
0.5499999999999972,0.029051487000450515
0.6500000000000057,0.029074538165185276
0.75,0.029097359355457795
0.8500000000000085,0.02911993265118478
0.9500000000000028,0.02914223918548085
1.0499999999999972,0.02916425914145265
1.1500000000000057,0.029185971749074797
1.25,0.02920735528216143
1.3500000000000085,0.029228387055433874
1.4500000000000028,0.029249043421695785
1.5499999999999972,0.02926929976912266
1.6500000000000057,0.029289130518678017
1.75,0.029308509121658693
1.8500000000000085,0.02932740805738949
1.9500000000000028,0.0293457988310618
2.049999999999997,0.02936365197174422
2.1500000000000057,0.02938093703055777
2.25,0.029397622579045636
2.3500000000000085,0.02941367620772904
2.450000000000003,0.02942906452487769
2.549999999999997,0.029443753155498003
2.6500000000000057,0.029457706740552852
2.75,0.02947088893642698
2.8500000000000085,0.029483262414652767
2.950000000000003,0.02949478886190512
3.049999999999997,0.02950542898028429
3.1500000000000057,0.029515142487900506
3.25,0.02952388811976917
3.3500000000000085,0.029531623629042138
3.450000000000003,0.02953830578858177
3.549999999999997,0.029543890392895174
3.6500000000000057,0.029548332260449787
3.75,0.029551585236380077
3.8500000000000085,0.029553602195608063
3.950000000000003,0.02955433504639027
4.049999999999997,0.029553734734311256
4.150000000000006,0.02955175124674173
4.25,0.029548333617777613
4.3500000000000085,0.02954342993368031
4.450000000000003,0.029536987338839183
4.549999999999997,0.029528952042266184
4.650000000000006,0.029519269324655283
4.75,0.029507883546018708
4.8500000000000085,0.029494738153917312
4.950000000000003,0.029479775692315236
5.049999999999997,0.029462937811067624
5.150000000000006,0.02944416527607528
5.25,0.0294233979801134
5.3500000000000085,0.029400574954368597
5.450000000000003,0.029375634380695254
5.549999999999997,0.02934851360462285
5.650000000000006,0.029319149149126093
5.75,0.029287476729188733
5.8500000000000085,0.029253431267178647
5.950000000000003,0.029216946909055228
6.049999999999997,0.029177957041440952
6.150000000000006,0.029136394309565095
6.25,0.029092190636115726
6.3500000000000085,0.0290452772410167
6.450000000000003,0.028995584662152088
6.549999999999997,0.0289430427770624
6.650000000000006,0.028887580825639157
6.75,0.028829127433833018
6.8500000000000085,0.02876761063840454
6.950000000000003,0.02870295791273728
7.049999999999997,0.028635096193740363
7.150000000000006,0.028563951909855768
7.25,0.028489451010200964
7.3500000000000085,0.02841151899486212
7.450000000000003,0.028330080946367204
7.549999999999997,0.028245061562352222
7.650000000000006,0.02815638518945133
7.75,0.028063975858424062
7.8500000000000085,0.027967757320547775
7.950000000000003,0.02786765308528804
8.049999999999997,0.02776358645927705
8.150000000000006,0.027655480586609105
8.25,0.02754325849047967
8.350000000000009,0.027426843116185273
8.450000000000003,0.02730615737550062
8.549999999999997,0.027181124192449824
8.650000000000006,0.027051666550493764
8.75,0.026917707541142148
8.850000000000009,0.02677917041401228
8.950000000000003,0.026635978628342175
9.049999999999997,0.02648805590598488
9.150000000000006,0.02633532628587367
9.25,0.02617771417999705
9.350000000000009,0.026015144430871835
9.450000000000003,0.025847542370541154
9.549999999999997,0.025674833881089865
9.650000000000006,0.025496945456699914
9.75,0.025313804267242286
9.850000000000009,0.02512533822341401
9.950000000000003,0.024931476043418842
10.049999999999997,0.024732147321205655
10.150000000000006,0.02452728259625182
10.25,0.024316813424895105
10.350000000000009,0.024100672453218473
10.450000000000003,0.023878793491471033
10.549999999999997,0.02365111159003389
10.650000000000006,0.0234175631169069
10.75,0.0231780858367231
10.850000000000009,0.022932618991265984
10.950000000000003,0.02268110338148447
11.049999999999997,0.022423481450987985
11.150000000000006,0.02215969737100164
11.25,0.02188969712676304
11.350000000000009,0.02161342860534286
11.450000000000003,0.021330841684853562
11.549999999999997,0.021041888325037308
11.650000000000006,0.020746522659179582
11.75,0.020444701087344204
11.850000000000009,0.020136382370870183
11.950000000000003,0.019821527728108326
12.049999999999997,0.019500100931357064
12.150000000000006,0.019172068404943666
12.25,0.0188373993244178
12.350000000000009,0.018496065716804212
12.450000000000003,0.01814804256185801
12.549999999999997,0.017793307894276248
12.650000000000006,0.01743184290680035
12.75,0.01706363205415741
12.850000000000009,0.01668866315776183
12.950000000000003,0.016306927511125734
13.049999999999997,0.01591841998589377
13.150000000000006,0.015523139138439137
13.25,0.015121087316929537
13.350000000000009,0.014712270768793818
13.450000000000003,0.01429669974849917
13.549999999999997,0.013874388625547473
13.650000000000006,0.013445355992598856
13.75,0.013009624773632638
13.850000000000009,0.012567222332036549
13.950000000000003,0.012118180578526478
14.049999999999997,0.011662536078784477
14.150000000000006,0.01120033016070694
14.25,0.010731609021144665
14.350000000000009,0.01025642383202039
14.450000000000003,0.009774830845690287
14.549999999999997,0.009286891499432489
14.650000000000006,0.00879267251892491
14.75,0.00829224602058062
14.850000000000009,0.007785689612598094
14.950000000000003,0.007273086494585468
15.049999999999997,0.006754525555611726
15.150000000000006,0.006230101470531908
15.25,0.00569991479443059
15.350000000000009,0.005164072055033112
15.450000000000003,0.004622685842906421
15.549999999999997,0.00407587489930023
15.650000000000006,0.003523764201443761
15.75,0.002966485045136124
15.850000000000009,0.0024041751244442125
15.950000000000003,0.0018369786083321815
16.049999999999997,0.0012650462140378837
16.150000000000006,0.0006885352770051094
16.25,0.00010760981718585966
16.35000000000001,-0.00047755939848521863
16.450000000000003,-0.0010667947976341465
16.549999999999997,-0.0016599119482238836
16.650000000000006,-0.0022567195087444445
16.75,-0.002857019183039898
16.85000000000001,-0.003460605679968145
16.950000000000003,-0.004067266678113489
17.049999999999997,-0.004676782795746495
17.150000000000006,-0.0052889275662706785
17.25,-0.005903467419339141
17.35000000000001,-0.0065201616678877816
17.450000000000003,-0.0071387625012801475
17.549999999999997,-0.007759014984798952
17.650000000000006,-0.008380657065689417
17.75,-0.009003419585984548
17.85000000000001,-0.009627026302328107
17.950000000000003,-0.010251193913015882
18.049999999999997,-0.010875632092473638
18.150000000000006,-0.011500043533395192
18.25,-0.012124123996741929
18.35000000000001,-0.012747562369852982
18.450000000000003,-0.013370040732841808
18.549999999999997,-0.013991234433518714
18.650000000000006,-0.014610812171037628
18.75,-0.015228436088479711
18.85000000000001,-0.015843761874575344
18.950000000000003,-0.016456438874759505
19.049999999999997,-0.01706611021177349
19.150000000000006,-0.017672412915977
19.25,-0.01827497806559393
19.35000000000001,-0.01887343093703574
19.450000000000003,-0.019467391165504926
19.549999999999997,-0.020056472916039833
19.650000000000006,-0.020640285065154806
19.75,-0.02121843139324591
19.85000000000001,-0.021790510787899352
19.950000000000003,-0.02235611745824184
20.049999999999997,-0.022914841160469396
20.150000000000006,-0.023466267434669667
20.25,-0.024009977853053165
20.35000000000001,-0.024545550279684494
20.450000000000003,-0.02507255914181928
20.549999999999997,-0.025590575712906443
20.650000000000006,-0.026099168407339963
20.75,-0.026597903086981355
20.85000000000001,-0.027086343379549998
20.950000000000003,-0.02756405100882943
21.049999999999997,-0.028030586136775035
21.150000000000006,-0.028485507717465296
21.25,-0.028928373862905463
21.35000000000001,-0.02935874222064319
21.450000000000003,-0.029776170363128816
21.549999999999997,-0.030180216188770894
21.650000000000006,-0.030570438334581333
21.75,-0.030946396600314827
21.85000000000001,-0.03130765238396898
21.950000000000003,-0.03165376912850456
22.049999999999997,-0.0319843127796111
22.150000000000006,-0.03229885225434621
22.25,-0.03259695992041993
22.35000000000001,-0.03287821208591164
22.450000000000003,-0.033142189499157475
22.549999999999997,-0.033388477858529074
22.650000000000006,-0.03361666833181946
22.75,-0.03382635808489034
22.85000000000001,-0.034017150819256686
22.950000000000003,-0.034188657318220204
23.049999999999997,-0.034340496001156885
23.150000000000006,-0.03447229348554675
23.25,-0.034583685156280033
23.35000000000001,-0.03467431574177486
23.450000000000003,-0.03474383989640755
23.549999999999997,-0.03479192278872092
23.650000000000006,-0.034818240694853196
23.75,-0.034822481596616835
23.85000000000001,-0.03480434578360262
23.950000000000003,-0.03476354645868536
24.049999999999997,-0.03469981034625652
24.150000000000006,-0.03461287830249918
24.25,-0.034502505926978226
24.35000000000001,-0.034368464174807004
24.450000000000003,-0.03421053996860958
24.549999999999997,-0.034028536809479606
24.650000000000006,-0.033822275386107485
24.75,-0.0335915941812223
24.85000000000001,-0.033336350074463846
24.950000000000003,-0.03305641894077605
25.049999999999997,-0.03275169624340552
25.150000000000006,-0.03242209762051436
25.25,-0.03206755946446249
25.35000000000001,-0.031688039492732
25.450000000000003,-0.03128351730946295
25.549999999999997,-0.03085399495657012
25.650000000000006,-0.030399497453341185
25.75,-0.02992007332344677
25.85000000000001,-0.029415795108239884
25.950000000000003,-0.028886759865213673
26.049999999999997,-0.028333089650475696
26.150000000000006,-0.027754931984067362
26.25,-0.027152460296961323
26.35000000000001,-0.026525874358533146
26.450000000000003,-0.025875400683316813
26.549999999999997,-0.025201292915818883
26.650000000000006,-0.02450383219217948
26.75,-0.02378332747744265
26.85000000000001,-0.023040115877211578
26.950000000000003,-0.022274562922443297
27.049999999999997,-0.021487062826147613
27.150000000000006,-0.020678038710754968
27.25,-0.019847942804917747
27.35000000000001,-0.01899725660850921
27.450000000000003,-0.018126491024611547
27.549999999999997,-0.017236186457263103
27.650000000000006,-0.016326912873781872
27.75,-0.015399269830466734
27.85000000000001,-0.01445388646051813
27.950000000000003,-0.013491421423013066
28.049999999999997,-0.012512562811838544
28.14999999999999,-0.011518028023447733
28.250000000000014,-0.010508563582393875
28.35000000000001,-0.009484944923588954
28.450000000000003,-0.008447976130279899
28.549999999999997,-0.007398489626776724
28.64999999999999,-0.006337345825002517
28.750000000000014,-0.005265432723977239
28.85000000000001,-0.004183665461400207
28.950000000000003,-0.003092985816529496
29.049999999999997,-0.0019943616636392057
29.14999999999999,-0.0008887863753622711
29.250000000000014,0.00022272182470846975
29.35000000000001,0.0013391205606919923
29.450000000000003,0.002459344054901346
29.549999999999997,0.0035823039305075723
29.64999999999999,0.004706890066781602
29.750000000000014,0.005831971507155385
29.85000000000001,0.0069563974203216425
29.950000000000003,0.008078998114463234
30.049999999999997,0.009198586104662804
30.14999999999999,0.010313957233406385
30.250000000000014,0.011423891844052096
30.35000000000001,0.01252715600699566
30.450000000000003,0.01362250279819731
30.549999999999997,0.01470867362962022
30.64999999999999,0.01578439963102677
30.750000000000014,0.016848403082480975
30.85000000000001,0.01789939889678376
30.950000000000003,0.018936096150973157
31.049999999999997,0.019957199665878677
31.14999999999999,0.020961411632652287
31.250000000000014,0.021947433285016627
31.35000000000001,0.022913966615905414
31.450000000000003,0.023859716137026626
31.549999999999997,0.024783390679739295
31.64999999999999,0.025683705235554643
31.750000000000014,0.02655938283439474
31.85000000000001,0.027409156458646628
31.950000000000003,0.02823177099092374
32.05,0.029025985193293392
32.14999999999999,0.02979057371562405
32.250000000000014,0.030524329130569853
32.35000000000001,0.031226063992574618
32.45,0.03189461291816518
32.55,0.03252883468465429
32.64999999999999,0.03312761434427671
32.750000000000014,0.03368986535061832
32.85000000000001,0.03421453169412814
32.95,0.034700590043326894
33.05,0.035147051888243665
33.14999999999999,0.035552965682485074
33.250000000000014,0.0359174189802298
33.35000000000001,0.03623954056432807
33.45,0.0365185025615874
33.55,0.03675352254122593
33.64999999999999,0.03694386559235732
33.750000000000014,0.03708884637631904
33.85000000000001,0.03718783114952481
33.95,0.03724023975247133
34.05,0.037245547560452515
34.14999999999999,0.03720328739144472
34.250000000000014,0.03711305136659224
34.35000000000001,0.03697449271865148
34.45,0.03678732754371264
34.55,0.03655133649146874
34.64999999999999,0.036266366389294945
34.750000000000014,0.03593233179535468
34.85000000000001,0.035549216475943404
34.95,0.035117074802307975
35.05,0.03463603306212132
35.14999999999999,0.03410629068088986
35.250000000000014,0.03352812134853654
35.35000000000001,0.03290187404647551
35.45,0.032227973970528956
35.55,0.03150692334510846
35.64999999999999,0.03073930212415338
35.750000000000014,0.029925768574407784
35.85000000000001,0.029067059736698857
35.95,0.028163991761029877
36.05,0.027217460111377444
36.14999999999999,0.026228439636256262
36.250000000000014,0.02519798450123738
36.35000000000001,0.024127227979809433
36.45,0.0230173820990825
36.55,0.02186973713710513
36.64999999999999,0.020685660968698984
36.750000000000014,0.01946659825698712
36.85000000000001,0.01821406948797274
36.95,0.016929669845819888
37.05,0.015615067926707017
37.14999999999999,0.014272004289416758
37.250000000000014,0.012902289841105637
37.35000000000001,0.011507804056986396
37.45,0.010090493032975073
37.55,0.008652367370688622
37.64999999999999,0.007195499894470236
37.750000000000014,0.005722023200543729
37.85000000000001,0.004234127038661232
37.95,0.0027340555270592977
38.05,0.0012241042018799899
38.14999999999999,-0.0002933830974022711
38.250000000000014,-0.0018160175045891455
38.35000000000001,-0.0033413685630293093
38.45,-0.004866967818814851
38.55,-0.006390312567656898
38.64999999999999,-0.007908869751855375
38.750000000000014,-0.009420080003266877
38.85000000000001,-0.010921361827796955
38.95,-0.012410115926439431
39.05,-0.013883729647494613
39.14999999999999,-0.015339581564102861
39.250000000000014,-0.016775046170812803
39.35000000000001,-0.018187498692428777
39.45,-0.019574319997954923
39.55,-0.020932901611993977
39.64999999999999,-0.022260650815510433
39.750000000000014,-0.02355499582745116
39.85000000000001,-0.024813391058266958
39.95,-0.026033322425957107
40.05,-0.027212312724853457
40.14999999999999,-0.028347927036943794
40.250000000000014,-0.029437778175140022
40.35000000000001,-0.030479532147539633
40.45,-0.031470913631326196
40.55,-0.03240971144463163
40.64999999999999,-0.033293784004345864
40.750000000000014,-0.034121064757530385
40.85000000000001,-0.034889567573822715
40.95,-0.03559739208591883
41.05,-0.0362427289650011
41.14999999999999,-0.036823865117732536
41.250000000000014,-0.03733918879124929
41.35000000000001,-0.037787194572411156
41.45,-0.0381664882674332
41.55,-0.03847579164790064
41.64999999999999,-0.03871394704910059
41.750000000000014,-0.03887992180655246
41.85000000000001,-0.03897281251660058
41.95,-0.03899184910696464
42.05,-0.03893639870321272
42.14999999999999,-0.038805969277185576
42.250000000000014,-0.03860021306357667
42.35000000000001,-0.03831892973102399
42.45,-0.03796206929429386
42.55,-0.037529734754395916
42.64999999999999,-0.037022184453762784
42.750000000000014,-0.03643983413398608
42.85000000000001,-0.03578325868396103
42.95,-0.03505319356675536
43.05,-0.03425053591394928
43.14999999999999,-0.03337634527676827
43.250000000000014,-0.03243184402382859
43.35000000000001,-0.03141841737597716
43.45,-0.03033761306932562
43.55,-0.029191140638277095
43.64999999999999,-0.0279808703111047
43.750000000000014,-0.0267088315113807
43.85000000000001,-0.025377210959419697
43.95,-0.023988350368728054
44.05,-0.022544743733379172
44.14999999999999,-0.021049034203159917
44.250000000000014,-0.019504010544318887
44.35000000000001,-0.017912603184767048
44.45,-0.016277879843615773
44.55,-0.014603040746032792
44.64999999999999,-0.01289141342550389
44.750000000000014,-0.011146447116718156
44.85000000000001,-0.009371706743474439
44.95,-0.00757086650718076
45.05,-0.005747703082741303
45.14999999999999,-0.0039060884298321224
45.250000000000014,-0.002049982228831997
45.35000000000001,-0.00018342395190390937
45.45,0.0016894754190025115
45.55,0.003564542014198482
45.64999999999999,0.0054375480240531635
45.750000000000014,0.00730422095698688
45.85000000000001,0.009160253190823656
45.95,0.011001311799468194
46.05,0.012823048635575714
46.14999999999999,0.014621110648726244
46.250000000000014,0.016391150417386174
46.35000000000001,0.018128836871792398
46.45,0.019829866183763846
46.55,0.02148997279832365
46.64999999999999,0.023104940580999316
46.750000000000014,0.024670614053622215
46.85000000000001,0.026182909690483713
46.95,0.0276378272458441
47.05,0.029031461082875454
47.14999999999999,0.030360011473372937
47.250000000000014,0.03161979583685311
47.35000000000001,0.03280725988698305
47.45,0.03391898865273395
47.55,0.034951717341160524
47.64999999999999,0.03590234200829317
47.750000000000014,0.03676793000430997
47.85000000000001,0.0375457301589603
47.95,0.038233182673018666
48.05,0.038827928681606914
48.14999999999999,0.03932781945520649
48.250000000000014,0.0397309252044214
48.35000000000001,0.040035543454811494
48.45,0.040240206958540546
48.55,0.04034369111004978
48.64999999999999,0.04034502083364741
48.750000000000014,0.04024347691161498
48.85000000000001,0.04003860172230038
48.95,0.039730204358665956
49.05,0.039318365098828634
49.14999999999999,0.03880343920139894
49.250000000000014,0.03818605999971007
49.35000000000001,0.037467141270540585
49.45,0.03664787885449021
49.55,0.03572975150685641
49.64999999999999,0.03471452095968984
49.750000000000014,0.03360423117762699
49.85000000000001,0.03240120679210975
49.95,0.031108050700778184
50.05,0.029727640821036388
50.14999999999999,0.028263125989133
50.250000000000014,0.026717920998568002
50.35000000000001,0.0250957007740987
50.45,0.023400393680284626
50.55,0.021636173966153895
50.64999999999999,0.01980745335034149
50.750000000000014,0.017918871753856973
50.85000000000001,0.015975287190514855
50.95,0.013981764827971773
51.05,0.011943565235266271
51.14999999999999,0.00986613183575799
51.250000000000014,0.007755077587346214
51.35000000000001,0.0056161709148655516
51.45,0.0034553209225884076
51.55,0.0012785619177517955
51.64999999999999,-0.0009079627209773068
51.750000000000014,-0.003098017293254659
51.85000000000001,-0.005285291105226805
51.95,-0.0074634163335385644
52.05,-0.009625986379706486
52.14999999999999,-0.011766574666777567
52.250000000000014,-0.013878753827507662
52.35000000000001,-0.015956115230782286
52.45,-0.017992288790634033
52.55,-0.019980962999866222
52.64999999999999,-0.021915905128216562
52.750000000000014,-0.023790981522942373
52.85000000000001,-0.025600177947933456
52.95,-0.027337619895727704
53.05,-0.028997592805419352
53.14999999999999,-0.030574562118061324
53.250000000000014,-0.03206319310018532
53.35000000000001,-0.033458370365120595
53.45,-0.034755217021214785
53.55,-0.03594911337560572
53.65000000000002,-0.037035715122062815
53.750000000000014,-0.038010970941478844
53.85000000000001,-0.0388711394439706
53.95,-0.039612805382090464
54.05,-0.04023289506559255
54.15000000000002,-0.040728690909286394
54.250000000000014,-0.041097845046990024
54.35000000000001,-0.041338391946230804
54.45,-0.041448759960382296
54.55,-0.04142778175717852
54.65000000000002,-0.04127470356506311
54.750000000000014,-0.0409891931817129
54.85000000000001,-0.040571346692140575
54.95,-0.040021693847184237
55.05,-0.03934120205683775
55.15000000000002,-0.03853127895679886
55.250000000000014,-0.037593773510770104
55.35000000000001,-0.03653097561548782
55.45,-0.035345614180091425
55.55,-0.03404085365636067
55.65000000000002,-0.03262028900140387
55.750000000000014,-0.031087939059758308
55.85000000000001,-0.029448238357244076
55.95,-0.027706027304704096
56.05,-0.025866540815444605
56.15000000000002,-0.02393539534625437
56.250000000000014,-0.021918574377877715
56.35000000000001,-0.01982241235697234
56.45,-0.01765357712789121
56.55,-0.015419050888814144
56.65000000000002,-0.013126109713151465
56.750000000000014,-0.010782301683419246
56.85000000000001,-0.008395423691074636
56.95,-0.005973496962100231
57.05,-0.0035247413742283836
57.15000000000002,-0.0010575486378600367
57.250000000000014,0.0014195455814164134
57.35000000000001,0.0038978905149103394
57.45,0.006368750028178609
57.55,0.008823333148868037
57.65000000000002,0.011252825285126724
57.750000000000014,0.01364842002975894
57.85000000000001,0.0160013514407039
57.95,0.018302926684129965
58.05,0.02054455892248919
58.15000000000002,0.02271780032636354
58.250000000000014,0.024814375085693587
58.35000000000001,0.02682621229333575
58.45,0.028745478571495682
58.55,0.0305646103098489
58.65000000000002,0.03227634538278341
58.750000000000014,0.033873754212322894
58.85000000000001,0.035350270043102074
58.95,0.03669971829585038
59.05,0.037916344866751765
59.15000000000002,0.03899484324133052
59.250000000000014,0.039930380293492364
59.35000000000001,0.04071862064280472
59.45,0.04135574944628886
59.55,0.041838493504606875
59.65000000000002,0.04216414056688211
59.750000000000014,0.042330556723228434
59.85000000000001,0.04233620177956421
59.95,0.042180142515293645
60.05,0.04186206373109832
60.15000000000002,0.041382277001164404
60.250000000000014,0.04074172705199775
60.35000000000001,0.03994199569806644
60.45,0.038985303273330975
60.55,0.03787450750687863
60.65000000000002,0.036613099800482655
60.750000000000014,0.035205198876040185
60.85000000000001,0.03365554177117778
60.95,0.03196947217217976
61.05,0.030152926084408425
61.15000000000002,0.028212414851787677
61.250000000000014,0.026155005548463006
61.35000000000001,0.023988298777504094
61.45,0.021720403923406364
61.55,0.01935991191708566
61.65000000000002,0.01691586558405093
61.750000000000014,0.014397727658388532
61.85000000000001,0.011815346557066148
61.95,0.009178920020799518
62.05,0.006498956739259401
62.15000000000002,0.0037862360896743605
62.250000000000014,0.001051766128889793
62.35000000000001,-0.0016932600105043778
62.45,-0.0044375091591418135
62.55,-0.007169554414439054
62.65000000000002,-0.009877922529116973
62.750000000000014,-0.012551142196479606
62.85000000000001,-0.015177793036366658
62.95,-0.017746555078570377
63.05,-0.02024625853399727
63.15000000000002,-0.022665933638375706
63.250000000000014,-0.024994860348451862
63.35000000000001,-0.027222617666890554
63.45,-0.029339132369132184
63.55,-0.03133472690358914
63.65000000000002,-0.03320016623567559
63.750000000000014,-0.03492670340633649
63.85000000000001,-0.036506123576981644
63.95,-0.03793078633504676
64.05,-0.0391936660379404
64.15000000000002,-0.04028838997758813
64.25000000000001,-0.041209274153654996
64.35000000000001,-0.04195135645025648
64.45,-0.042510427019024424
64.55,-0.042883055680491264
64.65000000000002,-0.043066616165956494
64.75000000000001,-0.04305930703328838
64.85000000000001,-0.04286016910252771
64.95,-0.04246909927047476
65.05,-0.04188686057782731
65.15000000000002,-0.04111508841777229
65.25000000000001,-0.040156292791057924
65.35000000000001,-0.03901385652966405
65.45,-0.03769202942889714
65.55,-0.036195918246263614
65.65000000000002,-0.034531472544569806
65.75000000000001,-0.032705466376297045
65.85000000000001,-0.030725475826429798
65.95,-0.0285998524513875
66.05,-0.026337692672386667
66.15000000000002,-0.02394880320254689
66.25000000000001,-0.021443662607958738
66.35000000000001,-0.01883337912393327
66.45,-0.016129644868442143
66.55,-0.013344686615319656
66.65000000000002,-0.010491213309997452
66.75000000000001,-0.007582360530270476
66.85000000000001,-0.004631632113720994
66.95,-0.001652839191906471
67.05,0.0013399631110116864
67.15000000000002,0.004332541040791425
67.25000000000001,0.007310549346662598
67.35000000000001,0.010259599881360675
67.45,0.013165331349704686
67.55,0.016013479875901966
67.65000000000002,0.018789950049241957
67.75000000000001,0.02148088609888426
67.85000000000001,0.0240727428410728
67.95,0.026552356036478725
68.05,0.028907011791471197
68.15000000000002,0.031124514635004263
68.25000000000001,0.033193253902744774
68.35000000000001,0.03510226806169319
68.45,0.03684130661234475
68.55,0.038400889211164274
68.65000000000002,0.0397723616638237
68.75000000000001,0.04094794844949525
68.85000000000001,0.04192080144817858
68.95,0.04268504455690871
69.05,0.04323581389635788
69.15000000000002,0.04356929332711474
69.25000000000001,0.04368274501448135
69.35000000000001,0.0435745348020083
69.45,0.04324415217717947
69.55,0.04269222463751697
69.65000000000002,0.041920526291700434
69.75000000000001,0.040931980558233265
69.85000000000001,0.03973065685334899
69.95,0.03832176119029887
70.05,0.03671162064361597
70.15000000000002,0.034907661664404226
70.25000000000001,0.032918382265860635
70.35000000000001,0.0307533181319847
70.45,0.028423002736664666
70.55,0.02593892159471874
70.65000000000002,0.023313460800951747
70.75000000000001,0.020559850047629585
70.85000000000001,0.017692100344715307
70.95,0.014724936700697073
71.05,0.011673726054487202
71.15000000000002,0.008554400780587394
71.25000000000001,0.005383378120369467
71.35000000000001,0.0021774759213804827
71.45,-0.0010461749055789007
71.55,-0.004270220776143939
71.65000000000002,-0.007477178209307357
71.75000000000001,-0.010649528510290324
71.85000000000001,-0.013769813858583575
71.95,-0.016820734283285992
72.05,-0.019785244993580017
72.15000000000002,-0.022646653520420276
72.25000000000001,-0.025388716116982984
72.35000000000001,-0.02799573285956631
72.45,-0.030452640888221128
72.55,-0.03274510522698834
72.65000000000002,-0.03485960662760437
72.75000000000001,-0.036783525887839494
72.85000000000001,-0.038505224106312165
72.95,-0.040014118349663334
73.05,-0.041300752225458336
73.15000000000002,-0.042356860874945376
73.25000000000001,-0.043175429923923356
73.35000000000001,-0.043750747957306844
73.45,-0.044078452113467136
73.55,-0.044155566427906696
73.65000000000002,-0.04398053259227856
73.75000000000001,-0.043553232833892806
73.85000000000001,-0.042875004662541266
73.95,-0.04194864727560755
74.05,-0.04077841945856966
74.15000000000002,-0.039370028866269266
74.25000000000001,-0.03773061261999593
74.35000000000001,-0.035868709206715005
74.45,-0.03379422171906752
74.55,-0.03151837252782651
74.65000000000002,-0.029053649532156913
74.75000000000001,-0.026413744186766345
74.85000000000001,-0.023613481558671597
74.95,-0.020668742719418036
75.05,-0.017596379830855192
75.15000000000002,-0.014414124333683687
75.25000000000001,-0.011140488697509617
75.35000000000001,-0.007794662238811404
75.45,-0.004396401558693795
75.55,-0.0009659161951043008
75.65000000000002,0.0024762498757768714
75.75000000000001,0.0059093402175287475
75.85000000000001,0.00931251068620417
75.95,0.012664956223614124
76.05,0.01594603893177075
76.15000000000002,0.01913541664798334
76.25000000000001,0.022213171223720837
76.35000000000001,0.025159935698639346
76.45,0.02795701955450152
76.55,0.03058653123201621
76.65000000000002,0.033031497097360876
76.75000000000001,0.03527597605396355
76.85000000000001,0.03730516900945451
76.95,0.039105522427451765
77.05,0.04066482521885833
77.15000000000002,0.04197229825776412
77.25000000000001,0.0430186758428034
77.35000000000001,0.04379627846549207
77.45,0.04429907629294296
77.55,0.044522742822823876
77.65000000000002,0.04446469822355266
77.75000000000001,0.044124141932029834
77.85000000000001,0.04350207414454179
77.95,0.04260130590338975
78.05,0.041426457551995845
78.15000000000002,0.039983945404248496
78.25000000000001,0.03828195654935765
78.35000000000001,0.03633041179079539
78.45,0.03414091679689276
78.55,0.03172670162044849
78.65000000000002,0.02910254882502534
78.75000000000001,0.026284710535819714
78.85000000000001,0.023290814812548816
78.95,0.020139761820182806
79.05,0.016851610349919464
79.15000000000002,0.013447455317106337
79.25000000000001,0.009949296934146748
79.35000000000001,0.0063799023243846726
79.45,0.002762660406915853
79.55,-0.0008785690583615428
79.65000000000002,-0.00451961132168588
79.75000000000001,-0.008136136397765793
79.85000000000001,-0.011703821687973162
79.95,-0.015198516398347245
80.05,-0.018596406651654445
80.15000000000002,-0.021874180169159544
80.25000000000001,-0.025009189382568218
80.35000000000001,-0.02797961182925134
80.45,-0.03076460668427202
80.55,-0.033344466291320284
80.65000000000002,-0.035700761571449996
80.75000000000001,-0.03781648021342741
80.85000000000001,-0.03967615658281499
80.95,-0.04126599232819829
81.05,-0.042573966712449944
81.15000000000002,-0.04358993575414676
81.25000000000001,-0.04430571932907793
81.35000000000001,-0.04471517545397486
81.45,-0.04481426105352664
81.55,-0.04460107859729151
81.65000000000002,-0.04407590808462237
81.75000000000001,-0.04324122395252373
81.85000000000001,-0.04210169658323161
81.95,-0.040664178194180715
82.05,-0.038937673002465686
82.15000000000002,-0.03693329166810463
82.25000000000001,-0.03466419013465816
82.35000000000001,-0.03214549310103584
82.45,-0.0293942024741965
82.55,-0.0264290912675665
82.65000000000002,-0.023270583524002023
82.75000000000001,-0.019940620953666735
82.85000000000001,-0.01646251708580146
82.95,-0.012860799837875912
83.05,-0.009161043505263923
83.15000000000002,-0.005389691268591083
83.25000000000001,-0.0015738694033481978
83.35000000000001,0.0022588055435743006
83.45,0.006080425273639736
83.55,0.009862992552714767
83.65000000000002,0.013578626869585242
83.75000000000001,0.01719977143931223
83.85000000000001,0.020699400020602565
83.95,0.02405122199416656
84.05,0.027229884138369985
84.15000000000002,0.030211167539372894
84.25000000000001,0.0329721780860084
84.35000000000001,0.03549152902468392
84.45,0.03774951408681354
84.55,0.039728269750609856
84.65000000000002,0.041411925260392286
84.75000000000001,0.04278673909952435
84.85000000000001,0.04384122069757342
84.95,0.04456623624757625
85.05,0.04495509761511475
85.15000000000002,0.04500363343651733
85.25000000000001,0.04471024162811262
85.35000000000001,0.04407592266150816
85.45,0.043104293100168375
85.55,0.04180157903941424
85.65000000000002,0.04017658924414109
85.75000000000001,0.03824066793509029
85.85000000000001,0.036007627334162524
85.95,0.03349366024075773
86.05,0.0307172330735202
86.15000000000002,0.027698959973381194
86.25000000000001,0.02446145872355602
86.35000000000001,0.021029189398693554
86.45,0.017428276807151966
86.55,0.013686317936529042
86.65000000000002,0.009832175751326526
86.75000000000001,0.005895760822010355
86.85000000000001,0.001907802385436643
86.95,-0.0021003894535991416
87.05,-0.006097168572088032
87.15000000000002,-0.010050802837440791
87.25000000000001,-0.013929727311806214
87.35000000000001,-0.0177027986329672
87.45,-0.021339548512359915
87.55,-0.024810434266707496
87.65000000000002,-0.028087084292606892
87.75000000000001,-0.031142536403430964
87.85000000000001,-0.03395146697535164
87.95,-0.036490408894631524
88.05,-0.03873795636110749
88.15000000000002,-0.04067495468313579
88.25000000000001,-0.042284673296954005
88.35000000000001,-0.043552960357711466
88.45,-0.044468377379963585
88.55,-0.04502231255154731
88.65000000000002,-0.045209071505200434
88.75000000000001,-0.04502594450644507
88.85000000000001,-0.04447324920279376
88.95,-0.04355434827678507
89.05,-0.04227564155262982
89.15000000000002,-0.04064653232154548
89.25000000000001,-0.038679367872611344
89.35000000000001,-0.03638935444245328
89.45,-0.033794447026446774
89.55,-0.030915214724376406
89.65000000000002,-0.02777468252288248
89.75000000000001,-0.02439815064320083
89.85000000000001,-0.020812992803875937
89.95,-0.017048434962157036
90.05,-0.0131353163023961
90.15000000000002,-0.009105834433177255
90.25000000000001,-0.004993276934782185
90.35000000000001,-0.0008317415631060579
90.45,0.0033441524367881182
90.55,0.007499559326450858
90.65000000000002,0.01159970549149559
90.75000000000001,0.015610188909047123
90.85000000000001,0.01949727663404097
90.95,0.023228197439412002
91.05,0.026771426738669835
91.15000000000002,0.030096960940830638
91.25000000000001,0.03317657843855512
91.35000000000001,0.03598408451096871
91.45,0.03849553753374782
91.55,0.040689454031071236
91.65000000000002,0.04254699027659601
91.75000000000001,0.04405209835412446
91.85000000000001,0.0451916548221212
91.95,0.04595556038914815
92.05,0.04633680929883406
92.15000000000002,0.04633152744117676
92.25000000000001,0.045938978551016724
92.35000000000001,0.045161538221416136
92.45,0.0440046358479559
92.55,0.04247666502622157
92.65000000000002,0.04058886334623395
92.75000000000001,0.03835516296071652
92.85000000000001,0.03579201374485221
92.95,0.03291818130946527
93.05,0.029754522572352338
93.15000000000002,0.026323742029024003
93.25000000000001,0.022650132288313952
93.35000000000001,0.018759302844599517
93.45,0.014677901440131043
93.55,0.010433332721126795
93.65000000000002,0.006053479203188929
93.75000000000001,0.001566429826714586
93.85000000000001,-0.002999778405800172
93.95,-0.007617400070260226
94.05,-0.01225919652187159
94.15000000000002,-0.016898620941809394
94.25000000000001,-0.02150996760708406
94.35000000000001,-0.026068479951142934
94.45,-0.030550412280031927
94.55,-0.0349330404225813
94.65000000000002,-0.039194617131440644
94.75000000000001,-0.04331426872353157
94.85000000000001,-0.047271830261331665
94.95,-0.05104761753737901
95.05,-0.0546221352401011
95.15000000000002,-0.05797572195442655
95.25000000000001,-0.061088134089621285
95.35000000000001,-0.06393807243232699
95.45,-0.0665026567947903
95.55,-0.06875685616646326
95.65000000000002,-0.07067288387742768
95.75000000000001,-0.072219569539031
95.85000000000001,-0.07336172193195478
95.95,-0.0740594995531244
96.05,-0.07426780819557663
96.15000000000002,-0.07393574770100447
96.25000000000001,-0.07300613287047392
96.35000000000001,-0.07141511641710077
96.45,-0.06909194476248867
96.55,-0.06595888037615244
96.65000000000002,-0.061931327185829534
96.75000000000001,-0.05691819828706753
96.85000000000001,-0.050822567679110954
96.95,-0.04354264995764826
97.05,-0.03497315368438574
97.15000000000002,-0.02500705537303288
97.25000000000001,-0.013537841477740247
97.35000000000001,-0.000462265172321098
97.45,0.014316337292379725
97.55,0.030884129748632198
97.65000000000002,0.04931222428382109
97.75000000000001,0.06965146966704516
97.85000000000001,0.09192656945610544
97.95,0.1161295392172074
98.05,0.1422125398654774
98.15000000000002,0.17008016141119983
98.25000000000001,0.19958128088977672
98.35000000000001,0.2305006827800179
98.45,0.26255071268814184
98.55,0.29536333810236776
98.65000000000002,0.32848311521492063
98.75000000000001,0.3613617076927404
98.85000000000001,0.39335476772366096
98.95,0.42372216176041455
99.05,0.451632684862476
99.15000000000002,0.4761745290407661
99.25000000000001,0.4963728099418771
99.35000000000001,0.511215356366242
99.45,0.5196876619875093
99.55,0.5208173205993415
99.65000000000002,0.5137273636135911
99.75000000000001,0.4976966812852555
99.85000000000001,0.47222419999722737
99.95,0.43709187153182
100.05,0.39242008610820994
