-99.95,0.007062495109826454
-99.85000000000001,0.006747918970406848
-99.75,0.006426121733850218
-99.65,0.006097468042195858
-99.55,0.005762328423059721
-99.45,0.005421078845292686
-99.35000000000001,0.005074100272216122
-99.25,0.004721778212972566
-99.15,0.004364502272520707
-99.05,0.0040026657007941596
-98.95,0.0036366649415493766
-98.85000000000001,0.003266899181410317
-98.75,0.0028937698996205443
-98.65,0.0025176804190010296
-98.55,0.002139035458605638
-98.45,0.0017582406885611318
-98.35000000000001,0.001375702287566254
-98.25,0.0009918265035178087
-98.15,0.0006070192177246689
-98.05,0.00022168551315348835
-97.95,-0.0001637707528489608
-97.85000000000001,-0.0005489473709326291
-97.75,-0.0009334441968006319
-97.65,-0.0013168635625384487
-97.55,-0.0016988106818223855
-97.45,-0.002078894048619153
-97.35000000000001,-0.0024567258290121136
-97.25,-0.002831922245786809
-97.15,-0.0032041039554350126
-97.05,-0.003572896417239786
-96.95,-0.003937930254121215
-96.85000000000001,-0.004298841604933798
-96.75,-0.004655272467924984
-96.65,-0.00500687103506442
-96.55,-0.005353292016986296
-96.45,-0.005694196958283304
-96.35000000000001,-0.006029254542915247
-96.25,-0.006358140889505531
-96.15,-0.006680539836311232
-96.05,-0.006996143215672388
-95.95,-0.007304651117748624
-95.85000000000001,-0.0076057721433823115
-95.75,-0.007899223645923307
-95.65,-0.008184731961878033
-95.55,-0.008462032630251822
-95.45,-0.0087308706004716
-95.35000000000001,-0.008991000428788117
-95.25,-0.0092421864630695
-95.15,-0.009484203015914064
-95.05,-0.009716834526023737
-94.95,-0.009939875707789198
-94.85000000000001,-0.01015313168905716
-94.75,-0.010356418137056832
-94.65,-0.010549561372481649
-94.55,-0.010732398471732097
-94.45,-0.01090477735733433
-94.35000000000001,-0.011066556876573545
-94.25,-0.01121760686837652
-94.15,-0.01135780821850708
-94.05,-0.011487052903135047
-93.95,-0.01160524402086148
-93.85000000000001,-0.011712295813288436
-93.75,-0.011808133674235204
-93.65,-0.011892694147711203
-93.55,-0.01196592491477023
-93.45,-0.012027784769375553
-93.35000000000001,-0.012078243583421251
-93.25,-0.012117282261059056
-93.15,-0.012144892682493604
-93.05,-0.012161077637416251
-92.95,-0.012165850748254702
-92.85000000000001,-0.012159236383429124
-92.75,-0.012141269560805669
-92.65,-0.012111995841555456
-92.55,-0.01207147121462388
-92.45,-0.01201976197203416
-92.35000000000001,-0.011956944575243267
-92.25,-0.01188310551278542
-92.15,-0.011798341149437166
-92.05,-0.011702757567148328
-91.95,-0.011596470397984298
-91.85000000000001,-0.011479604649336046
-91.75,-0.011352294521651199
-91.65,-0.011214683218952064
-91.55,-0.011066922752403018
-91.45,-0.010909173737199742
-91.35000000000001,-0.010741605183051527
-91.25,-0.010564394278531905
-91.15,-0.01037772616958001
-91.05,-0.010181793732428454
-90.95,-0.009976797341244582
-90.85000000000001,-0.009762944630767087
-90.75,-0.009540450254226932
-90.65,-0.009309535636837616
-90.55,-0.009070428725141489
-90.45,-0.008823363732504814
-90.35,-0.008568580881044029
-90.25,-0.008306326140277431
-90.15,-0.0080368509627837
-90.05,-0.007760412017162187
-89.95,-0.0074772709185715975
-89.85,-0.007187693957140008
-89.75,-0.006891951824524632
-89.65,-0.0065903193389034624
-89.55,-0.00628307516867802
-89.45,-0.005970501555165517
-89.35,-0.005652884034550278
-89.25,-0.005330511159372362
-89.15,-0.0050036742198138785
-89.05,-0.004672666965054001
-88.95,-0.0043377853249516206
-88.85,-0.003999327132312069
-88.75,-0.0036575918459948323
-88.65,-0.0033128802751068126
-88.55,-0.0029654943045334444
-88.45,-0.002615736622040279
-88.35,-0.00226391044718811
-88.25,-0.001910319262287532
-88.15,-0.001555266545623006
-88.05,-0.0011990555071647226
-87.95,-0.0008419888269852961
-87.85,-0.0004843683965911419
-87.75,-0.00012649506337405808
-87.65,0.00023133162161946406
-87.55,0.0005888136524060988
-87.45,0.0009456548130853888
-87.35,0.0013015609189780683
-87.25,0.0016562400537078771
-87.15,0.002009402802059763
-87.05,0.002360762478448694
-86.95,0.002710035350844723
-86.85,0.003056940860001852
-86.75,0.003401201833849397
-86.65,0.0037425446969057198
-86.55,0.004080699674585717
-86.45,0.0044154009922758326
-86.35,0.004746387069059547
-86.25,0.0050734007059817215
-86.15,0.005396189268747072
-86.05,0.005714504864753791
-85.95,0.006028104514372485
-85.85,0.006336750316382028
-85.75,0.006640209607487501
-85.65,0.00693825511584397
-85.55,0.007230665108524328
-85.45,0.0075172235328684065
-85.35,0.007797720151662448
-85.25,0.008071950672102405
-85.15,0.008339716868500264
-85.05,0.008600826698697495
-84.95,0.00885509441416166
-84.85,0.009102340663741245
-84.75,0.009342392591063292
-84.65,0.009575083925566207
-84.55,0.009800255067158701
-84.45,0.01001775316451437
-84.35,0.01022743218700137
-84.25,0.010429152990264975
-84.15,0.010622783375481268
-84.05,0.010808198142303263
-83.95,0.010985279135532076
-83.85,0.011153915285544736
-83.75,0.011314002642518807
-83.65,0.011465444404500584
-83.55,0.011608150939361265
-83.45,0.011742039800700148
-83.35,0.011867035737749521
-83.25,0.011983070699346203
-83.15,0.01209008383203673
-83.05,0.01218802147238786
-82.95,0.01227683713357562
-82.85,0.012356491486337051
-82.75,0.012426952334364246
-82.65,0.012488194584227367
-82.55,0.012540200209921071
-82.45,0.012582958212123928
-82.35,0.012616464572271849
-82.25,0.012640722201540193
-82.15,0.012655740884846094
-82.05,0.012661537219969711
-81.95,0.01265813455190686
-81.85,0.012645562902564264
-81.75,0.012623858895909498
-81.65,0.01259306567869463
-81.55,0.012553232836868473
-81.45,0.012504416307801003
-81.35,0.012446678288439449
-81.25,0.012380087139520586
-81.15,0.012304717285967182
-81.05,0.012220649113590488
-80.95,0.012127968862232389
-80.85,0.012026768515472127
-80.75,0.011917145687032381
-80.65,0.01179920350401131
-80.55,0.011673050487077384
-80.45,0.011538800427756284
-80.35,0.011396572262945107
-80.25,0.011246489946788932
-80.15,0.011088682320048785
-80.05,0.010923282977102051
-79.95,0.01075043013070438
-79.85,0.010570266474650003
-79.75,0.010382939044463996
-79.65,0.010188599076259111
-79.55,0.009987401863892294
-79.45,0.009779506614553613
-79.35,0.009565076302917024
-79.25,0.009344277523990033
-79.15,0.009117280344785846
-79.05,0.00888425815495496
-78.95,0.008645387516498826
-78.85,0.00840084801269796
-78.75,0.008150822096378203
-78.65,0.007895494937641
-78.55,0.0076350542711813695
-78.45,0.007369690243317247
-78.35,0.007099595258848335
-78.25,0.006824963827866324
-78.15,0.0065459924126329535
-78.05,0.00626287927464028
-77.95,0.005975824321970203
-77.85,0.005685028957061897
-77.75,0.005390695925000386
-77.65,0.0050930291624308515
-77.55,0.004792233647209032
-77.45,0.004488515248886249
-77.35,0.004182080580137003
-77.25,0.003873136849222486
-77.15,0.0035618917135909972
-77.05,0.003248553134710782
-76.95,0.002933329234223061
-76.85,0.0026164281515108426
-76.75,0.0022980579027702184
-76.65,0.0019784262416643124
-76.55,0.0016577405216495512
-76.45,0.0013362075600513218
-76.35,0.0010140335039658423
-76.25,0.0006914236980650454
-76.15,0.00036858255437679816
-76.05,0.00004571342411036152
-75.95,-0.00027698152840690746
-75.85,-0.0005993014496136028
-75.75,-0.0009210469183602291
-75.65,-0.0012420200652565824
-75.55,-0.0015620246896614852
-75.45,-0.0018808663742648488
-75.35,-0.002198352597205497
-75.25,-0.0025142928416815227
-75.15,-0.0028284987030000337
-75.05,-0.0031407839930293075
-74.95,-0.0034509648420080075
-74.85,-0.003758859797673907
-74.75,-0.004064289921677071
-74.65,-0.004367078883243719
-74.55,-0.004667053050058934
-74.45,-0.004964041576342807
-74.35,-0.005257876488090766
-74.25,-0.005548392765457693
-74.15,-0.005835428422263956
-74.05,-0.006118824582604818
-73.95,-0.006398425554548676
-73.85,-0.006674078900909068
-73.75,-0.006945635507080136
-73.65,-0.007212949645927766
-73.55,-0.0074758790397278715
-73.45,-0.007734284919149028
-73.35,-0.0079880320792781
-73.25,-0.008236988932687164
-73.15,-0.008481027559546824
-73.05,-0.00872002375478598
-72.95,-0.008953857072312601
-72.85,-0.009182410866292737
-72.75,-0.009405572329510177
-72.65,-0.00962323252881228
-72.55,-0.009835286437657277
-72.45,-0.010041632965781271
-72.35,-0.010242174986002963
-72.25,-0.01043681935818425
-72.15,-0.010625476950370555
-72.05,-0.010808062657132802
-71.95,-0.010984495415137498
-71.85,-0.01115469821597019
-71.75,-0.011318598116241294
-71.65,-0.011476126245004006
-71.55,-0.011627217808515262
-71.45,-0.011771812092372888
-71.35,-0.011909852461061342
-71.25,-0.012041286354942917
-71.15,-0.012166065284731119
-71.05,-0.012284144823481936
-70.95,-0.012395484596142979
-70.85,-0.012500048266701428
-70.75,-0.012597803522971286
-70.65,-0.012688722059059838
-70.55,-0.012772779555559482
-70.45,-0.012849955657508317
-70.35,-0.012920233950161258
-70.25,-0.012983601932620985
-70.15,-0.013040050989374663
-70.05,-0.013089576359780414
-69.95,-0.013132177105554395
-69.85,-0.01316785607630746
-69.75,-0.013196619873176605
-69.65,-0.01321847881060505
-69.55,-0.013233446876317818
-69.45,-0.013241541689546074
-69.35,-0.013242784457547742
-69.25,-0.013237199930479794
-69.15,-0.013224816354669575
-69.05,-0.013205665424340603
-68.95,-0.01317978223184194
-68.85,-0.013147205216436699
-68.75,-0.013107976111698285
-68.65,-0.013062139891570288
-68.55,-0.01300974471514053
-68.45,-0.01295084187018288
-68.35,-0.012885485715519724
-68.25,-0.012813733622255805
-68.15,-0.012735645913938911
-68.05,-0.012651285805697464
-67.95,-0.012560719342407283
-67.85,-0.012464015335942245
-67.75,-0.012361245301556084
-67.65,-0.01225248339345305
-67.55000000000001,-0.012137806339591021
-67.45,-0.012017293375776355
-67.35,-0.011891026179094061
-67.25,-0.01175908880072869
-67.15,-0.011621567598221685
-67.05000000000001,-0.011478551167218734
-66.95,-0.011330130272752615
-66.85,-0.011176397780111697
-66.75,-0.011017448585341774
-66.65,-0.010853379545428993
-66.55000000000001,-0.010684289408211138
-66.45,-0.010510278742060777
-66.35,-0.010331449865390604
-66.25,-0.010147906776022697
-66.15,-0.00995975508046759
-66.05000000000001,-0.009767101923154163
-65.95,-0.009570055915660743
-65.85,-0.009368727065978511
-65.75,-0.009163226707861752
-65.65,-0.008953667430294692
-65.55000000000001,-0.008740163007122404
-65.45,-0.008522828326882908
-65.35,-0.008301779322877298
-65.25,-0.008077132903521009
-65.15,-0.007849006883006385
-65.05000000000001,-0.00761751991231871
-64.95,-0.007382791410640302
-64.85,-0.0071449414971723494
-64.75,-0.0069040909234167076
-64.65,-0.00666036100594238
-64.55000000000001,-0.006413873559676491
-64.45,-0.006164750831742568
-64.35,-0.005913115435887018
-64.25,-0.0056590902875125314
-64.15,-0.005402798539356002
-64.05000000000001,-0.005144363517833784
-63.95,-0.004883908660082991
-63.85,-0.004621557451723726
-63.75,-0.004357433365372206
-63.65,-0.00409165979991911
-63.550000000000004,-0.003824360020610208
-63.45,-0.003555657099940324
-63.35,-0.0032856738593868566
-63.25,-0.0030145328120054576
-63.15,-0.0027423561059057955
-63.050000000000004,-0.002469265468625999
-62.95,-0.0021953821524255306
-62.85,-0.001920826880512602
-62.75,-0.0016457197942254637
-62.65,-0.0013701804011785174
-62.550000000000004,-0.001094327524392828
-62.45,-0.0008182792524215969
-62.35,-0.0005421528904873062
-62.25,-0.00026606491263873167
-62.15,9.869085057950168e-6
-62.050000000000004,0.00028553443028228213
-61.95,0.0005608174191700769
-61.85,0.0008356053599615603
-61.75,0.0011097866155737222
-61.65,0.0013832506450986478
-61.55,0.001655888044210799
-61.45,0.00192759058448701
-61.35,0.002198251251624401
-61.25,0.0024677642825605586
-61.15,0.0027360252014837407
-61.05,0.0030029308547378695
-60.95,0.0032683794446143485
-60.85,0.003532270562030046
-60.75,0.0037945052180929357
-60.65,0.004054985874552272
-60.55,0.004313616473134521
-60.45,0.004570302463765971
-60.35,0.004824950831684463
-60.25,0.005077470123440208
-60.15,0.005327770471790366
-60.05,0.005575763619491082
-59.95,0.005821362941988712
-59.85,0.006064483469016914
-59.75,0.006305041905103797
-59.65,0.006542956648994302
-59.55,0.00677814781199523
-59.45,0.007010537235248347
-59.35,0.007240048505939258
-59.25,0.007466606972449651
-59.15,0.007690139758460608
-59.05,0.007910575776016776
-58.95,0.008127845737558112
-58.85,0.008341882166931772
-58.75,0.008552619409390843
-58.65,0.008759993640592469
-58.55,0.008963942874603748
-58.45,0.009164406970930883
-58.35,0.00936132764057552
-58.25,0.009554648451138487
-58.15,0.009744314830975504
-58.05,0.009930274072423199
-57.95,0.010112475334104394
-57.85,0.01029086964232567
-57.75,0.010465409891583781
-57.65,0.010636050844190328
-57.55,0.010802749129030738
-57.45,0.010965463239471838
-57.35,0.011124153530431193
-57.25,0.01127878221462217
-57.15,0.01142931335799122
-57.05,0.011575712874361372
-56.95,0.011717948519295982
-56.85,0.011855989883199148
-56.75,0.011989808383667847
-56.65,0.012119377257110897
-56.55,0.012244671549651512
-56.45,0.01236566810732597
-56.35,0.012482345565599594
-56.25,0.012594684338210854
-56.15,0.012702666605361485
-56.05,0.012806276301270882
-55.95,0.012905499101105666
-55.85,0.013000322407307436
-55.75,0.01309073533532835
-55.65,0.013176728698795798
-55.55,0.013258294994118512
-55.45,0.013335428384554196
-55.35,0.013408124683752165
-55.25,0.01347638133878736
-55.15,0.013540197412705917
-55.05,0.013599573566590724
-54.95,0.013654512041172254
-54.85,0.013705016637993898
-54.75,0.013751092700151566
-54.65,0.013792747092622279
-54.55,0.01382998818219807
-54.45,0.013862825817040902
-54.35,0.013891271305873898
-54.25,0.013915337396827945
-54.15,0.013935038255951507
-54.05,0.013950389445410166
-53.95,0.013961407901381442
-53.85,0.013968111911664945
-53.75,0.013970521093023708
-53.65,0.013968656368268424
-53.55,0.013962539943102443
-53.45,0.013952195282740833
-53.35,0.013937647088319094
-53.25,0.013918921273104177
-53.15,0.013896044938524442
-53.05,0.013869046350030927
-52.95,0.013837954912805248
-52.85,0.013802801147326474
-52.75,0.01376361666481187
-52.65,0.013720434142543595
-52.55,0.013673287299096825
-52.45,0.013622210869481005
-52.35,0.013567240580204542
-52.25,0.013508413124282094
-52.15,0.013445766136190165
-52.05,0.013379338166787274
-51.95,0.013309168658209648
-51.85,0.01323529791875453
-51.75,0.013157767097762407
-51.65,0.013076618160509581
-51.55,0.01299189386312335
-51.45,0.012903637727529482
-51.35,0.012811894016443134
-51.25,0.012716707708415566
-51.15,0.012618124472943117
-51.05,0.012516190645653439
-50.95,0.012410953203574993
-50.85,0.012302459740501887
-50.75,0.012190758442462143
-50.65,0.012075898063299168
-50.55,0.011957927900376957
-50.45,0.011836897770413203
-50.35,0.01171285798545722
-50.25,0.011585859329010129
-50.15,0.011455953032306622
-50.05,0.01132319075075636
-49.95,0.011187624540560537
-49.85,0.011049306835506895
-49.75,0.0109082904239497
-49.65,0.010764628425985983
-49.55,0.010618374270829898
-49.45,0.010469581674395724
-49.35,0.010318304617092978
-49.25,0.010164597321842368
-49.15,0.010008514232315273
-49.05,0.009850109991406519
-48.95,0.009689439419941666
-48.85,0.009526557495628996
-48.75,0.0093615193322546
-48.65,0.009194380159132869
-48.55,0.009025195300811509
-48.45,0.008854020157037854
-48.35,0.008680910182990713
-48.25,0.0085059208697804
-48.15,0.00832910772522331
-48.05,0.008150526254892067
-47.95,0.007970231943444615
-47.85,0.007788280236239578
-47.75,0.007604726521235265
-47.65,0.00741962611117932
-47.55,0.0072330342260886644
-47.45,0.0070450059760261445
-47.35,0.006855596344171964
-47.25,0.006664860170193812
-47.15,0.006472852133919666
-47.05,0.006279626739309675
-46.95,0.006085238298735731
-46.85,0.005889740917563334
-46.75,0.005693188479043013
-46.65,0.005495634629507305
-46.55,0.0052971327638775415
-46.45,0.005097736011479454
-46.35,0.004897497222169712
-46.25,0.004696468952773061
-46.15,0.004494703453829274
-46.05,0.004292252656651777
-45.95,0.0040891681606977075
-45.85,0.003885501221248686
-45.75,0.003681302737401547
-45.65,0.0034766232403705324
-45.55,0.0032715128820980867
-45.45,0.003066021424176146
-45.35,0.002860198227074205
-45.25,0.0026540922396753514
-45.15,0.0024477519891198457
-45.05,0.002241225570951561
-44.95,0.0020345606395706112
-44.85,0.0018278043989871852
-44.75,0.0016210035938777722
-44.65,0.0014142045009383764
-44.55,0.001207452920539448
-44.45,0.0010007941686732953
-44.35,0.0007942730691972633
-44.25,0.0005879339463689629
-44.15,0.0003818206176716351
-44.05,0.0001759763869274738
-43.95,-0.00002955596230456015
-43.85,-0.00023473417304481687
-43.75,-0.00043951652093212495
-43.65,-0.0006438618199792483
-43.55,-0.0008477294280585761
-43.45,-0.0010510792521085453
-43.35,-0.0012538717530743094
-43.25,-0.001456067950576515
-43.15,-0.0016576294273200408
-43.05,-0.0018585183332344656
-42.95,-0.0020586973893614194
-42.85,-0.0022581298914814453
-42.75,-0.002456779713489891
-42.65,-0.0026546113105230694
-42.55,-0.0028515897218355834
-42.45,-0.003047680573435818
-42.35,-0.0032428500804812543
-42.25,-0.0034370650494350246
-42.15,-0.003630292879990565
-42.05,-0.003822501566764141
-41.95,-0.004013659700761558
-41.85,-0.004203736470621046
-41.75,-0.004392701663635176
-41.65,-0.004580525666558301
-41.55,-0.004767179466196963
-41.45,-0.004952634649795139
-41.35,-0.005136863405209287
-41.25,-0.005319838520884878
-41.15,-0.005501533385629859
-41.05,-0.005681921988195875
-40.95,-0.005860978916666059
-40.85,-0.0060386793576556515
-40.75,-0.006214999095327514
-40.65,-0.006389914510226365
-40.55,-0.0065634025779363865
-40.45,-0.006735440867566243
-40.35,-0.006906007540060829
-40.25,-0.007075081346350226
-40.15,-0.0072426416253350365
-40.05,-0.007408668301710228
-39.95,-0.00757314188363652
-39.85,-0.007736043460259534
-39.75,-0.007897354699077992
-39.65,-0.008057057843171617
-39.55,-0.0082151357082843
-39.45,-0.008371571679771985
-39.35,-0.008526349709414942
-39.25,-0.008679454312102165
-39.15,-0.008830870562386897
-39.05,-0.00898058409091929
-38.95,-0.009128581080759458
-38.85,-0.009274848263575709
-38.75,-0.009419372915727059
-38.65,-0.00956214285423843
-38.55,-0.009703146432669795
-38.45,-0.00984237253688111
-38.35,-0.009979810580700665
-38.25,-0.010115450501494403
-38.15,-0.01024928275564612
-38.05,-0.010381298313944602
-37.95,-0.010511488656887617
-37.85,-0.010639845769902208
-37.75,-0.010766362138485046
-37.65,-0.010891030743265442
-37.55,-0.01101384505499823
-37.45,-0.011134799029481775
-37.35,-0.011253887102412756
-37.25,-0.011371104184174722
-37.15,-0.01148644565456601
-37.05,-0.011599907357469061
-36.95,-0.011711485595465306
-36.85,-0.01182117712439725
-36.75,-0.011928979147880023
-36.65,-0.01203488931176826
-36.55,-0.012138905698577009
-36.45,-0.012241026821862075
-36.35,-0.012341251620563154
-36.25,-0.012439579453308399
-36.15,-0.012536010092688765
-36.05,-0.01263054371949914
-35.95,-0.012723180916953188
-35.849999999999994,-0.012813922664871503
-35.75,-0.012902770333847572
-35.650000000000006,-0.012989725679391344
-35.55,-0.013074790836056288
-35.45,-0.013157968311550323
-35.349999999999994,-0.013239260980831084
-35.25,-0.013318672080192879
-35.150000000000006,-0.013396205201341044
-35.05,-0.013471864285462095
-34.95,-0.013545653617288166
-34.849999999999994,-0.013617577819156838
-34.75,-0.013687641845073366
-34.650000000000006,-0.013755850974772063
-34.55,-0.013822210807781817
-34.45,-0.013886727257495993
-34.349999999999994,-0.013949406545251099
-34.25,-0.014010255194412144
-34.150000000000006,-0.014069280024470467
-34.05,-0.014126488145153621
-33.95,-0.01418188695055015
-33.849999999999994,-0.01423548411324883
-33.75,-0.014287287578496708
-33.650000000000006,-0.014337305558376898
-33.55,-0.014385546526005422
-33.45,-0.014432019209752359
-33.349999999999994,-0.014476732587485067
-33.25,-0.014519695880838653
-33.150000000000006,-0.014560918549511456
-33.05,-0.014600410285589551
-32.95,-0.01463818100790053
-32.849999999999994,-0.014674240856397836
-32.75,-0.014708600186577792
-32.650000000000006,-0.014741269563928803
-32.55,-0.014772259758416265
-32.45,-0.014801581739002099
-32.349999999999994,-0.01482924666820173
-32.25,-0.01485526589667733
-32.150000000000006,-0.014879650957873216
-32.05,-0.014902413562687691
-31.950000000000003,-0.014923565594186741
-31.849999999999994,-0.014943119102361166
-31.75,-0.014961086298924139
-31.650000000000006,-0.014977479552154054
-31.549999999999997,-0.014992311381780485
-31.450000000000003,-0.015005594453916905
-31.349999999999994,-0.015017341576037551
-31.25,-0.015027565692002575
-31.150000000000006,-0.015036279877130434
-31.049999999999997,-0.015043497333317649
-30.950000000000003,-0.015049231384208104
-30.849999999999994,-0.01505349547041158
-30.75,-0.01505630314477212
-30.650000000000006,-0.015057668067687742
-30.549999999999997,-0.01505760400247928
-30.450000000000003,-0.01505612481081417
-30.349999999999994,-0.01505324444817911
-30.25,-0.015048976959406057
-30.150000000000006,-0.015043336474253467
-30.049999999999997,-0.015036337203037207
-29.950000000000003,-0.015027993432317957
-29.849999999999994,-0.015018319520641928
-29.75,-0.015007329894335156
-29.650000000000006,-0.014995039043353005
-29.549999999999997,-0.014981461517185305
-29.450000000000003,-0.014966611920814945
-29.349999999999994,-0.014950504910734482
-29.25,-0.01493315519101443
-29.150000000000006,-0.01491457750943099
-29.049999999999997,-0.014894786653648035
-28.950000000000003,-0.014873797447454687
-28.849999999999994,-0.014851624747060038
-28.75,-0.014828283437442637
-28.650000000000006,-0.014803788428758218
-28.549999999999997,-0.014778154652800777
-28.450000000000003,-0.014751397059524588
-28.349999999999994,-0.014723530613615995
-28.25,-0.014694570291128467
-28.150000000000006,-0.014664531076167444
-28.049999999999997,-0.014633427957636724
-27.950000000000003,-0.014601275926037424
-27.849999999999994,-0.014568089970323815
-27.75,-0.014533885074816932
-27.650000000000006,-0.014498676216170193
-27.549999999999997,-0.01446247836039409
-27.450000000000003,-0.014425306459935243
-27.349999999999994,-0.014387175450808925
-27.25,-0.01434810024979004
-27.150000000000006,-0.014308095751656267
-27.049999999999997,-0.014267176826487026
-26.950000000000003,-0.014225358317016394
-26.849999999999994,-0.014182655036040956
-26.75,-0.014139081763881046
-26.650000000000006,-0.014094653245895077
-26.549999999999997,-0.014049384190048583
-26.450000000000003,-0.014003289264535593
-26.349999999999994,-0.013956383095452756
-26.25,-0.013908680264525878
-26.150000000000006,-0.01386019530688845
-26.049999999999997,-0.013810942708913365
-25.950000000000003,-0.013760936906094052
-25.849999999999994,-0.013710192280977468
-25.75,-0.013658723161149014
-25.650000000000006,-0.013606543817265154
-25.549999999999997,-0.013553668461139938
-25.450000000000003,-0.013500111243875464
-25.349999999999994,-0.01344588625404804
-25.25,-0.013391007515937811
-25.150000000000006,-0.01333548898781046
-25.049999999999997,-0.013279344560241747
-24.950000000000003,-0.013222588054496918
-24.849999999999994,-0.013165233220951013
-24.75,-0.013107293737557727
-24.650000000000006,-0.013048783208365802
-24.549999999999997,-0.012989715162078619
-24.450000000000003,-0.012930103050660599
-24.349999999999994,-0.012869960247988893
-24.25,-0.012809300048547875
-24.150000000000006,-0.012748135666168484
-24.049999999999997,-0.012686480232809497
-23.950000000000003,-0.012624346797384273
-23.849999999999994,-0.01256174832462767
-23.75,-0.012498697694005984
-23.650000000000006,-0.012435207698666077
-23.549999999999997,-0.01237129104443015
-23.450000000000003,-0.012306960348825054
-23.349999999999994,-0.01224222814015694
-23.25,-0.012177106856619933
-23.14999999999999,-0.012111608845448965
-23.049999999999997,-0.012045746362108273
-22.950000000000003,-0.011979531569516646
-22.849999999999994,-0.011912976537312549
-22.75,-0.01184609324115561
-22.64999999999999,-0.01177889356206148
-22.549999999999997,-0.011711389285778268
-22.450000000000003,-0.011643592102192799
-22.349999999999994,-0.011575513604774091
-22.25,-0.011507165290051725
-22.14999999999999,-0.011438558557126353
-22.049999999999997,-0.011369704707214537
-21.950000000000003,-0.011300614943226825
-21.849999999999994,-0.011231300369376229
-21.75,-0.011161771990820399
-21.64999999999999,-0.011092040713334085
-21.549999999999997,-0.011022117343011744
-21.450000000000003,-0.010952012586002757
-21.349999999999994,-0.010881737048273065
-21.25,-0.010811301235397964
-21.14999999999999,-0.010740715552383326
-21.049999999999997,-0.01066999030351544
-20.950000000000003,-0.010599135692237109
-20.849999999999994,-0.010528161821052267
-20.75,-0.010457078691457353
-20.64999999999999,-0.01038589620389747
-20.549999999999997,-0.010314624157749412
-20.450000000000003,-0.010243272251330496
-20.349999999999994,-0.010171850081930124
-20.25,-0.010100367145867808
-20.14999999999999,-0.01002883283857348
-20.049999999999997,-0.009957256454690526
-19.950000000000003,-0.009885647188204902
-19.849999999999994,-0.009814014132592455
-19.75,-0.009742366280990308
-19.64999999999999,-0.009670712526390384
-19.549999999999997,-0.009599061661850644
-19.450000000000003,-0.00952742238073179
-19.349999999999994,-0.00945580327694867
-19.25,-0.009384212845244886
-19.14999999999999,-0.009312659481485444
-19.049999999999997,-0.009241151482967586
-18.950000000000003,-0.00916969704875041
-18.849999999999994,-0.009098304280002599
-18.75,-0.009026981180365785
-18.64999999999999,-0.00895573565633753
-18.549999999999997,-0.008884575517668407
-18.450000000000003,-0.008813508477776554
-18.349999999999994,-0.008742542154177314
-18.25,-0.008671684068928414
-18.14999999999999,-0.008600941649089613
-18.049999999999997,-0.008530322227196628
-17.950000000000003,-0.008459833041749866
-17.849999999999994,-0.008389481237717033
-17.75,-0.008319273867045953
-17.64999999999999,-0.008249217889195287
-17.549999999999997,-0.008179320171672708
-17.450000000000003,-0.008109587490589031
-17.349999999999994,-0.008040026531221293
-17.25,-0.00797064388858868
-17.14999999999999,-0.007901446068038075
-17.049999999999997,-0.007832439485842984
-16.950000000000003,-0.007763630469808696
-16.849999999999994,-0.007695025259890343
-16.75,-0.007626630008819291
-16.64999999999999,-0.007558450782739564
-16.549999999999997,-0.007490493561851094
-16.450000000000003,-0.007422764241063416
-16.349999999999994,-0.007355268630657266
-16.25,-0.007288012456953315
-16.14999999999999,-0.00722100136298848
-16.049999999999997,-0.007154240909199653
-15.950000000000003,-0.007087736574114559
-15.849999999999994,-0.007021493755048542
-15.75,-0.00695551776880834
-15.649999999999991,-0.006889813852400337
-15.549999999999997,-0.006824387163746223
-15.450000000000003,-0.006759242782403682
-15.349999999999994,-0.006694385710290165
-15.25,-0.0066298208724146785
-15.149999999999991,-0.006565553117609912
-15.049999999999997,-0.006501587219274379
-14.950000000000003,-0.006437927876111452
-14.849999999999994,-0.006374579712877541
-14.75,-0.006311547281132199
-14.649999999999991,-0.006248835059988439
-14.549999999999997,-0.006186447456871621
-14.450000000000003,-0.006124388808275352
-14.349999999999994,-0.006062663380522758
-14.25,-0.006001275370529371
-14.149999999999991,-0.005940228906567686
-14.049999999999997,-0.005879528049033519
-13.950000000000003,-0.005819176791213278
-13.849999999999994,-0.00575917906005277
-13.75,-0.005699538716928078
-13.649999999999991,-0.005640259558414075
-13.549999999999997,-0.00558134531705755
-13.450000000000003,-0.005522799662146929
-13.349999999999994,-0.005464626200484665
-13.25,-0.005406828477157589
-13.149999999999991,-0.005349409976309404
-13.049999999999997,-0.005292374121908922
-12.950000000000003,-0.005235724278522137
-12.849999999999994,-0.005179463752078766
-12.75,-0.0051235957906420595
-12.649999999999991,-0.005068123585172954
-12.549999999999997,-0.005013050270297682
-12.450000000000003,-0.004958378925068213
-12.349999999999994,-0.00490411257372672
-12.25,-0.0048502541864617575
-12.149999999999991,-0.004796806680168989
-12.049999999999997,-0.004743772919202943
-11.950000000000003,-0.004691155716132556
-11.849999999999994,-0.004638957832488399
-11.75,-0.004587181979511535
-11.649999999999991,-0.004535830818896472
-11.549999999999997,-0.004484906963533415
-11.450000000000003,-0.004434412978244577
-11.349999999999994,-0.004384351380519338
-11.25,-0.004334724641244736
-11.149999999999991,-0.0042855351854340345
-11.049999999999997,-0.0042367853929473585
-10.950000000000003,-0.0041884775992127535
-10.849999999999994,-0.004140614095941868
-10.75,-0.004093197131840547
-10.649999999999991,-0.004046228913315017
-10.549999999999997,-0.0039997116051753625
-10.450000000000003,-0.0039536473313329015
-10.349999999999994,-0.0039080381754927505
-10.25,-0.0038628861818433605
-10.149999999999991,-0.003818193355738594
-10.049999999999997,-0.0037739616643775904
-9.950000000000003,-0.0037301930374765984
-9.849999999999994,-0.0036868893679386297
-9.75,-0.003644052512514901
-9.649999999999991,-0.003601684292463088
-9.549999999999997,-0.003559786494199086
-9.450000000000003,-0.0035183608699425124
-9.349999999999994,-0.0034774091383579946
-9.25,-0.0034369329851897602
-9.149999999999991,-0.0033969340638907736
-9.049999999999997,-0.003357413996244845
-8.950000000000003,-0.003318374372984458
-8.849999999999994,-0.003279816754399966
-8.75,-0.0032417426709463433
-8.649999999999991,-0.0032041536238392914
-8.549999999999997,-0.003167051085648182
-8.450000000000003,-0.0031304365008813792
-8.349999999999994,-0.0030943112865641988
-8.25,-0.0030586768328120626
-8.149999999999991,-0.003023534503396239
-8.049999999999997,-0.002988885636301736
-7.950000000000003,-0.0029547315442808933
-7.849999999999994,-0.002921073515396245
-7.75,-0.0028879128135611038
-7.6499999999999915,-0.002855250679069932
-7.549999999999997,-0.0028230883291223458
-7.450000000000003,-0.002791426958340135
-7.349999999999994,-0.0027602677392781234
-7.25,-0.002729611822926084
-7.1499999999999915,-0.0026994603392038975
-7.049999999999997,-0.0026698143974513604
-6.950000000000003,-0.002640675086906251
-6.849999999999994,-0.0026120434771803695
-6.75,-0.0025839206187236565
-6.6499999999999915,-0.0025563075432820303
-6.549999999999997,-0.002529205264350111
-6.450000000000003,-0.002502614777612734
-6.349999999999994,-0.0024765370613798166
-6.25,-0.0024509730770157384
-6.1499999999999915,-0.0024259237693581566
-6.049999999999997,-0.002401390067130015
-5.950000000000003,-0.0023773728833432965
-5.849999999999994,-0.002353873115696917
-5.75,-0.0023308916469642607
-5.6499999999999915,-0.002308429345372359
-5.549999999999997,-0.002286487064976355
-5.450000000000003,-0.002265065646023061
-5.349999999999994,-0.0022441659153057875
-5.25,-0.0022237886865154716
-5.1499999999999915,-0.0022039347605776424
-5.049999999999997,-0.002184604925986232
-4.950000000000003,-0.002165799959126347
-4.849999999999994,-0.00214752062458946
-4.75,-0.002129767675480128
-4.6499999999999915,-0.002112541853716784
-4.549999999999997,-0.0020958438903189345
-4.450000000000003,-0.002079674505691481
-4.349999999999994,-0.002064034409896758
-4.25,-0.0020489243029214346
-4.1499999999999915,-0.0020343448749308305
-4.049999999999997,-0.0020202968065191357
-3.950000000000003,-0.0020067807689473235
-3.8499999999999943,-0.0019937974243753463
-3.75,-0.001981347426084455
-3.6499999999999915,-0.0019694314186901453
-3.549999999999997,-0.0019580500383488807
-3.450000000000003,-0.001947203912952327
-3.3499999999999943,-0.0019368936623179432
-3.25,-0.0019271198983657953
-3.1499999999999915,-0.0019178832252905028
-3.049999999999997,-0.001909184239721989
-2.950000000000003,-0.001901023530878507
-2.8499999999999943,-0.001893401680710869
-2.75,-0.0018863192640376078
-2.6499999999999915,-0.0018797768486711161
-2.549999999999997,-0.0018737749955351289
-2.450000000000003,-0.0018683142587735116
-2.3499999999999943,-0.0018633951858494635
-2.25,-0.0018590183176369975
-2.1499999999999915,-0.0018551841885016825
-2.049999999999997,-0.0018518933263736335
-1.9500000000000028,-0.0018491462528123354
-1.8499999999999943,-0.0018469434830592775
-1.75,-0.0018452855260854158
-1.6499999999999915,-0.0018441728846268733
-1.5499999999999972,-0.001843606055212669
-1.4500000000000028,-0.0018435855281825281
-1.3499999999999943,-0.001844111787697376
-1.25,-0.001845185311737709
-1.1499999999999915,-0.001846806572096183
-1.0499999999999972,-0.0018489760343584868
-0.9500000000000028,-0.001851694157875226
-0.8499999999999943,-0.001854961395726622
-0.75,-0.0018587781946758789
-0.6499999999999915,-0.0018631449951135501
-0.5499999999999972,-0.001868062230993941
-0.45000000000000284,-0.0018735303297603863
-0.3499999999999943,-0.0018795497122632335
-0.25,-0.0018861207926664444
-0.14999999999999147,-0.0018932439783457295
-0.04999999999999716,-0.0019009196697794312
0.04999999999999716,-0.001909148260424841
0.15000000000000568,-0.0019179301365904588
0.25,-0.0019272656772971162
0.3500000000000085,-0.001937155254126925
0.45000000000000284,-0.0019475992310673874
0.5499999999999972,-0.001958597964342518
0.6500000000000057,-0.0019701518022364637
0.75,-0.00198226108490631
0.8500000000000085,-0.0019949261441861987
0.9500000000000028,-0.002008147303382384
1.0499999999999972,-0.002021924877057513
1.1500000000000057,-0.0020362591708055332
1.25,-0.002051150481019324
1.3500000000000085,-0.002066599094644529
1.4500000000000028,-0.0020826052889284853
1.5499999999999972,-0.002099169331156279
1.6500000000000057,-0.002116291478378529
1.75,-0.002133971977128688
1.8500000000000085,-0.002152211063133427
1.9500000000000028,-0.0021710089610081614
2.049999999999997,-0.002190365883950322
2.1500000000000057,-0.0022102820334141747
2.25,-0.002230757598785367
2.3500000000000085,-0.0022517927570374135
2.450000000000003,-0.002273387672384191
2.549999999999997,-0.0022955424959208628
2.6500000000000057,-0.002318257365255406
2.75,-0.0023415324041276965
2.8500000000000085,-0.002365367722025791
2.950000000000003,-0.0023897634137843952
3.049999999999997,-0.0024147195591804568
3.1500000000000057,-0.002440236222513851
3.25,-0.002466313452182098
3.3500000000000085,-0.0024929512802434337
3.450000000000003,-0.0025201497219719416
3.549999999999997,-0.002547908775400277
3.6500000000000057,-0.002576228420855985
3.75,-0.002605108620485489
3.8500000000000085,-0.0026345493177704384
3.950000000000003,-0.002664550437033175
4.049999999999997,-0.002695111882933009
4.150000000000006,-0.0027262335399523383
4.25,-0.0027579152718752763
4.3500000000000085,-0.0027901569212530797
4.450000000000003,-0.002822958308863819
4.549999999999997,-0.002856319233159926
4.650000000000006,-0.002890239469707056
4.75,-0.0029247187706134196
4.8500000000000085,-0.002959756863949933
4.950000000000003,-0.002995353453160263
5.049999999999997,-0.003031508216461812
5.150000000000006,-0.0030682208062368477
5.25,-0.003105490848415978
5.3500000000000085,-0.0031433179418489114
5.450000000000003,-0.003181701657668581
5.549999999999997,-0.0032206415386463313
5.650000000000006,-0.003260137098534846
5.75,-0.0033001878214050377
5.8500000000000085,-0.0033407931609717237
5.950000000000003,-0.0033819525399106333
6.049999999999997,-0.0034236653491673567
6.150000000000006,-0.003465930947254768
6.25,-0.003508748659544513
6.3500000000000085,-0.0035521177775468767
6.450000000000003,-0.0035960375581826896
6.549999999999997,-0.003640507223047001
6.650000000000006,-0.0036855259576627592
6.75,-0.0037310929107266374
6.8500000000000085,-0.003777207193345018
6.950000000000003,-0.0038238678782624483
7.049999999999997,-0.0038710739990808845
7.150000000000006,-0.003918824549471353
7.25,-0.003967118482375085
7.3500000000000085,-0.004015954709197628
7.450000000000003,-0.0040653320989953185
7.549999999999997,-0.004115249477651693
7.650000000000006,-0.004165705627048097
7.75,-0.00421669928422255
7.8500000000000085,-0.004268229140525083
7.950000000000003,-0.004320293840761707
8.049999999999997,-0.004372891982331508
8.150000000000006,-0.004426022114357477
8.25,-0.004479682736806816
8.350000000000009,-0.004533872299607075
8.450000000000003,-0.0045885892017515
8.549999999999997,-0.004643831790400072
8.650000000000006,-0.004699598359970414
8.75,-0.004755887151224449
8.850000000000009,-0.004812696350346636
8.950000000000003,-0.004870024088013675
9.049999999999997,-0.004927868438461912
9.150000000000006,-0.00498622741854302
9.25,-0.005045098986776848
9.350000000000009,-0.005104481042396307
9.450000000000003,-0.005164371424386619
9.549999999999997,-0.005224767910517253
9.650000000000006,-0.005285668216371024
9.75,-0.0053470699943635
9.850000000000009,-0.005408970832758754
9.950000000000003,-0.005471368254680652
10.049999999999997,-0.005534259717117152
10.150000000000006,-0.005597642609919943
10.25,-0.005661514254799858
10.350000000000009,-0.005725871904315436
10.450000000000003,-0.005790712740861467
10.549999999999997,-0.005856033875645008
10.650000000000006,-0.005921832347668538
10.75,-0.005988105122697933
10.850000000000009,-0.006054849092233326
10.950000000000003,-0.006122061072474939
11.049999999999997,-0.006189737803283224
11.150000000000006,-0.006257875947140942
11.25,-0.00632647208810558
11.350000000000009,-0.006395522730765172
11.450000000000003,-0.006465024299187355
11.549999999999997,-0.0065349731358679206
11.650000000000006,-0.006605365500678335
11.75,-0.006676197569809079
11.850000000000009,-0.006747465434712894
11.950000000000003,-0.006819165101047154
12.049999999999997,-0.006891292487613905
12.150000000000006,-0.0069638434253000946
12.25,-0.007036813656017367
12.350000000000009,-0.007110198831641473
12.450000000000003,-0.007183994512951726
12.549999999999997,-0.007258196168569656
12.650000000000006,-0.007332799173901688
12.75,-0.007407798810078691
12.850000000000009,-0.007483190262900578
12.950000000000003,-0.007558968621778677
13.049999999999997,-0.007635128878684085
13.150000000000006,-0.007711665927095498
13.25,-0.007788574560949761
13.350000000000009,-0.007865849473597577
13.450000000000003,-0.007943485256758755
13.549999999999997,-0.008021476399486329
13.650000000000006,-0.00809981728712807
13.75,-0.008178502200299677
13.850000000000009,-0.00825752531385469
13.950000000000003,-0.008336880695868444
14.049999999999997,-0.008416562306618561
14.150000000000006,-0.008496563997577696
14.25,-0.008576879510411242
14.350000000000009,-0.008657502475978714
14.450000000000003,-0.008738426413345183
14.549999999999997,-0.008819644728801177
14.650000000000006,-0.008901150714886261
14.75,-0.00898293754942415
14.850000000000009,-0.009064998294567098
14.950000000000003,-0.009147325895847495
15.049999999999997,-0.00922991318123952
15.150000000000006,-0.009312752860232906
15.25,-0.00939583752291469
15.350000000000009,-0.009479159639062882
15.450000000000003,-0.009562711557254175
15.549999999999997,-0.009646485503978822
15.650000000000006,-0.009730473582772084
15.75,-0.009814667773357624
15.850000000000009,-0.00989905993080365
15.950000000000003,-0.009983641784694177
16.049999999999997,-0.010068404938313603
16.150000000000006,-0.01015334086784796
16.25,-0.010238440921600261
16.35000000000001,-0.010323696319222633
16.450000000000003,-0.010409098150965935
16.549999999999997,-0.010494637376944872
16.650000000000006,-0.01058030482642287
16.75,-0.010666091197113727
16.85000000000001,-0.010751987054503215
16.950000000000003,-0.010837982831189204
17.049999999999997,-0.010924068826244925
17.150000000000006,-0.01101023520459699
17.25,-0.011096471996430247
17.35000000000001,-0.011182769096613593
17.450000000000003,-0.011269116264145793
17.549999999999997,-0.011355503121626052
17.650000000000006,-0.011441919154748422
17.75,-0.01152835371182168
17.85000000000001,-0.011614796003310524
17.950000000000003,-0.011701235101407588
18.049999999999997,-0.011787659939626204
18.150000000000006,-0.011874059312426048
18.25,-0.011960421874860459
18.35000000000001,-0.012046736142257507
18.450000000000003,-0.012132990489925388
18.549999999999997,-0.012219173152890186
18.650000000000006,-0.012305272225664705
18.75,-0.012391275662043599
18.85000000000001,-0.012477171274937008
18.950000000000003,-0.012562946736231026
19.049999999999997,-0.012648589576683711
19.150000000000006,-0.012734087185854321
19.25,-0.012819426812067328
19.35000000000001,-0.012904595562411641
19.450000000000003,-0.012989580402775699
19.549999999999997,-0.01307436815791823
19.650000000000006,-0.013158945511578852
19.75,-0.013243299006624557
19.85000000000001,-0.013327415045234431
19.950000000000003,-0.013411279889128184
20.049999999999997,-0.013494879659829545
20.150000000000006,-0.013578200338974939
20.25,-0.013661227768661613
20.35000000000001,-0.013743947651838562
20.450000000000003,-0.013826345552743997
20.549999999999997,-0.013908406897380612
20.650000000000006,-0.013990116974041683
20.75,-0.014071460933880465
20.85000000000001,-0.01415242379152465
20.950000000000003,-0.01423299042573994
21.049999999999997,-0.01431314558014197
21.150000000000006,-0.014392873863952767
21.25,-0.014472159752812965
21.35000000000001,-0.014550987589638424
21.450000000000003,-0.014629341585530708
21.549999999999997,-0.014707205820740572
21.650000000000006,-0.014784564245679341
21.75,-0.014861400681988431
21.85000000000001,-0.01493769882365979
21.950000000000003,-0.015013442238212283
22.049999999999997,-0.015088614367923973
22.150000000000006,-0.01516319853111902
22.25,-0.015237177923514223
22.35000000000001,-0.015310535619620673
22.450000000000003,-0.015383254574205215
22.549999999999997,-0.01545531762381198
22.650000000000006,-0.01552670748834307
22.75,-0.015597406772698589
22.85000000000001,-0.015667397968481194
22.950000000000003,-0.0157366634557611
23.049999999999997,-0.015805185504903646
23.150000000000006,-0.015872946278461728
23.25,-0.015939927833131477
23.35000000000001,-0.016006112121773927
23.450000000000003,-0.016071480995502867
23.549999999999997,-0.01613601620583682
23.650000000000006,-0.01619969940692157
23.75,-0.016262512157817117
23.85000000000001,-0.016324435924855905
23.950000000000003,-0.016385452084068934
24.049999999999997,-0.016445541923681514
24.150000000000006,-0.016504686646679145
24.25,-0.01656286737344642
24.35000000000001,-0.016620065144476528
24.450000000000003,-0.01667626092315041
24.549999999999997,-0.016731435598593285
24.650000000000006,-0.016785569988602304
24.75,-0.016838644842647268
24.85000000000001,-0.01689064084494872
24.950000000000003,-0.016941538617628538
25.049999999999997,-0.01699131872393665
25.150000000000006,-0.017039961671556043
25.25,-0.017087447915980658
25.35000000000001,-0.017133757863974988
25.450000000000003,-0.01717887187710637
25.549999999999997,-0.01722277027535916
25.650000000000006,-0.017265433340825306
25.75,-0.01730684132147477
25.85000000000001,-0.01734697443500374
25.950000000000003,-0.017385812872764656
26.049999999999997,-0.01742333680377384
26.150000000000006,-0.01745952637880204
26.25,-0.017494361734541934
26.35000000000001,-0.01752782299785959
26.450000000000003,-0.017559890290126765
26.549999999999997,-0.017590543731632276
26.650000000000006,-0.01761976344607668
26.75,-0.017647529565148968
26.85000000000001,-0.01767382223318424
26.950000000000003,-0.01769862161190365
27.049999999999997,-0.01772190788523638
27.150000000000006,-0.017743661264223554
27.25,-0.017763861992006764
27.35000000000001,-0.01778249034889308
27.450000000000003,-0.017799526657510608
27.549999999999997,-0.017814951288037895
27.650000000000006,-0.017828744663522213
27.75,-0.01784088726527549
27.85000000000001,-0.017851359638353926
27.950000000000003,-0.017860142397118896
28.049999999999997,-0.01786721623088028
28.14999999999999,-0.017872561909620114
28.250000000000014,-0.017876160289798142
28.35000000000001,-0.0178779923202359
28.450000000000003,-0.017878039048084656
28.549999999999997,-0.01787628162487065
28.64999999999999,-0.017872701312620864
28.750000000000014,-0.017867279490068416
28.85000000000001,-0.017859997658934968
28.950000000000003,-0.017850837450293665
29.049999999999997,-0.017839780631007135
29.14999999999999,-0.01782680911024369
29.250000000000014,-0.01781190494607053
29.35000000000001,-0.017795050352119847
29.450000000000003,-0.017776227704332837
29.549999999999997,-0.01775541954777585
29.64999999999999,-0.017732608603530237
29.750000000000014,-0.01770777777565399
29.85000000000001,-0.017680910158215376
29.950000000000003,-0.017651989042396822
30.049999999999997,-0.01762099792366806
30.14999999999999,-0.017587920509027716
30.250000000000014,-0.01755274072431106
30.35000000000001,-0.017515442721565733
30.450000000000003,-0.017476010886491183
30.549999999999997,-0.01743442984593981
30.64999999999999,-0.017390684475484475
30.750000000000014,-0.017344759907042626
30.85000000000001,-0.017296641536562726
30.950000000000003,-0.017246315031766546
31.049999999999997,-0.0171937663399502
31.14999999999999,-0.017138981695836532
31.250000000000014,-0.01708194762948465
31.35000000000001,-0.017022650974248366
31.450000000000003,-0.016961078874783122
31.549999999999997,-0.016897218795106774
31.64999999999999,-0.016831058526696873
31.750000000000014,-0.016762586196642684
31.85000000000001,-0.016691790275829448
31.950000000000003,-0.01661865958717114
32.05,-0.016543183313874565
32.14999999999999,-0.016465351007743954
32.250000000000014,-0.016385152597516058
32.35000000000001,-0.016302578397228
32.45,-0.016217619114615084
32.55,-0.016130265859531735
32.64999999999999,-0.016040510152401318
32.750000000000014,-0.01594834393268254
32.85000000000001,-0.01585375956735925
32.95,-0.015756749859443663
33.05,-0.015657308056493943
33.14999999999999,-0.015555427859144188
33.250000000000014,-0.015451103429639483
33.35000000000001,-0.015344329400379038
33.45,-0.015235100882459177
33.55,-0.01512341347421773
33.64999999999999,-0.015009263269771539
33.750000000000014,-0.014892646867550654
33.85000000000001,-0.014773561378817617
33.95,-0.01465200443617771
34.05,-0.014527974202069487
34.14999999999999,-0.01440146937723444
34.250000000000014,-0.014272489209165561
34.35000000000001,-0.014141033500526624
34.45,-0.014007102617540998
34.55,-0.013870697498344662
34.64999999999999,-0.013731819661303147
34.750000000000014,-0.013590471213285039
34.85000000000001,-0.013446654857889314
34.95,-0.013300373903623024
35.05,-0.013151632272025657
35.14999999999999,-0.01300043450573526
35.250000000000014,-0.012846785776491995
35.35000000000001,-0.012690691893076967
35.45,-0.012532159309179869
35.55,-0.012371195131191733
35.64999999999999,-0.012207807125918358
35.750000000000014,-0.01204200372821378
35.85000000000001,-0.011873794048520585
35.95,-0.01170318788032349
36.05,-0.011530195707501509
36.14999999999999,-0.011354828711581706
36.250000000000014,-0.011177098778885893
36.35000000000001,-0.010997018507567643
36.45,-0.010814601214530746
36.55,-0.010629860942231414
36.64999999999999,-0.01044281246535236
36.750000000000014,-0.010253471297348073
36.85000000000001,-0.01006185369685467
36.95,-0.009867976673959545
37.05,-0.009671857996326933
37.14999999999999,-0.009473516195171248
37.250000000000014,-0.009272970571078265
37.35000000000001,-0.009070241199661632
37.45,-0.008865348937058351
37.55,-0.008658315425248744
37.64999999999999,-0.008449163097204952
37.750000000000014,-0.008237915181852915
37.85000000000001,-0.008024595708851464
37.95,-0.007809229513178327
38.05,-0.007591842239515609
38.14999999999999,-0.0073724603464372564
38.250000000000014,-0.007151111110383213
38.35000000000001,-0.006927822629422104
38.45,-0.006702623826794638
38.55,-0.00647554445423031
38.64999999999999,-0.00624661509503544
38.750000000000014,-0.006015867166943848
38.85000000000001,-0.005783332924726358
38.95,-0.005549045462553312
39.05,-0.005313038716104135
39.14999999999999,-0.005075347464418521
39.250000000000014,-0.004836007331484474
39.35000000000001,-0.004595054787555515
39.45,-0.004352527150194421
39.55,-0.0041084625850350675
39.64999999999999,-0.0038629001062596815
39.750000000000014,-0.003615879576783038
39.85000000000001,-0.0033674417081403884
39.95,-0.0031176280600723424
40.05,-0.0028664810398028036
40.14999999999999,-0.0026140439010007197
40.250000000000014,-0.0023603607424264343
40.35000000000001,-0.0021054765062512647
40.45,-0.0018494369760470998
40.55,-0.001592288774443819
40.64999999999999,-0.0013340793604434671
40.750000000000014,-0.0010748570263906273
40.85000000000001,-0.0008146708945916504
40.95,-0.0005535709135785882
41.05,-0.00029160785401074546
41.14999999999999,-0.000028833304213747793
41.250000000000014,0.00023470033465583788
41.35000000000001,0.00049893985381845
41.45,0.0007638312424621584
41.55,0.0010293196937167892
41.64999999999999,0.0012953496110188441
41.750000000000014,0.001561864614868893
41.85000000000001,0.001828807549990257
41.95,0.002096120492887899
42.05,0.0023637447598179808
42.14999999999999,0.0026316209151658315
42.250000000000014,0.002899688780241095
42.35000000000001,0.0031678874424917857
42.45,0.0034361552651414524
42.55,0.003704429897255842
42.64999999999999,0.003972648284236493
42.750000000000014,0.004240746678749805
42.85000000000001,0.00450866065209565
42.95,0.004776325106014007
43.05,0.005043674284935633
43.14999999999999,0.0053106417886815875
43.250000000000014,0.005577160585608187
43.35000000000001,0.005843163026207744
43.45,0.006108580857161749
43.55,0.006373345235851393
43.64999999999999,0.006637386745324634
43.750000000000014,0.006900635409728614
43.85000000000001,0.007163020710199257
43.95,0.007424471601218182
44.05,0.007684916527434926
44.14999999999999,0.007944283440953097
44.250000000000014,0.008202499819087645
44.35000000000001,0.008459492682586304
44.45,0.008715188614323834
44.55,0.00896951377846389
44.64999999999999,0.009222393940089597
44.750000000000014,0.009473754485303045
44.85000000000001,0.009723520441795912
44.95,0.009971616499886603
45.05,0.010217967034024911
45.14999999999999,0.010462496124765465
45.250000000000014,0.010705127581202763
45.35000000000001,0.01094578496387405
45.45,0.011184391608120075
45.55,0.011420870647910626
45.64999999999999,0.01165514504012234
45.750000000000014,0.011887137589276517
45.85000000000001,0.012116770972723824
45.95,0.012343967766285453
46.05,0.012568650470331634
46.14999999999999,0.012790741536308168
46.250000000000014,0.013010163393699245
46.35000000000001,0.013226838477421728
46.45,0.013440689255652625
46.55,0.013651638258077059
46.64999999999999,0.013859608104557816
46.750000000000014,0.014064521534217162
46.85000000000001,0.01426630143492646
46.95,0.014464870873199693
47.05,0.014660153124476688
47.14999999999999,0.01485207170380115
47.250000000000014,0.015040550396875301
47.35000000000001,0.015225513291492403
47.45,0.015406884809329243
47.55,0.015584589738103786
47.64999999999999,0.015758553264077782
47.750000000000014,0.015928701004901624
47.85000000000001,0.016094959042789393
47.95,0.01625725395801924
48.05,0.016415512862741954
48.14999999999999,0.01656966343509588
48.250000000000014,0.01671963395360904
48.35000000000001,0.016865353331887257
48.45,0.01700675115356635
48.55,0.01714375770752642
48.64999999999999,0.017276304023349568
48.750000000000014,0.017404321907014533
48.85000000000001,0.01752774397680694
48.95,0.017646503699443598
49.05,0.0177605354263875
49.14999999999999,0.017869774430344803
49.250000000000014,0.017974156941929262
49.35000000000001,0.018073620186478335
49.45,0.01816810242100729
49.55,0.01825754297128452
49.64999999999999,0.018341882269015796
49.750000000000014,0.018421061889116803
49.85000000000001,0.01849502458706391
49.95,0.01856371433629927
50.05,0.018627076365679385
50.14999999999999,0.01868505719694755
50.250000000000014,0.018737604682211854
50.35000000000001,0.018784668041411823
50.45,0.018826197899754895
50.55,0.018862146325104797
50.64999999999999,0.018892466865302004
50.750000000000014,0.018917114585396827
50.85000000000001,0.018936046104776526
50.95,0.018949219634165865
51.05,0.018956595012480964
51.14999999999999,0.018958133743516518
51.250000000000014,0.01895379903244295
51.35000000000001,0.01894355582209516
51.45,0.018927370829033296
51.55,0.018905212579345188
51.64999999999999,0.01887705144418091
51.750000000000014,0.01884285967498394
51.85000000000001,0.018802611438408452
51.95,0.018756282850892095
52.05,0.018703852012863488
52.14999999999999,0.01864529904256048
52.250000000000014,0.018580606109438277
52.35000000000001,0.01850975746714132
52.45,0.018432739486014586
52.55,0.01834954068513118
52.64999999999999,0.018260151763813133
52.750000000000014,0.018164565632617022
52.85000000000001,0.01806277744376526
52.95,0.017954784620992217
53.05,0.017840586888785755
53.14999999999999,0.017720186300993944
53.250000000000014,0.017593587268775353
53.35000000000001,0.01746079658786786
53.45,0.017321823465145447
53.55,0.017176679544444733
53.65000000000002,0.017025378931629268
53.750000000000014,0.016867938218870962
53.85000000000001,0.016704376508117267
53.95,0.016534715433725502
54.05,0.01635897918423213
54.15000000000002,0.016177194523234736
54.250000000000014,0.01598939080936003
54.35000000000001,0.015795600015292535
54.45,0.015595856745837938
54.55,0.015390198254994832
54.65000000000002,0.015178664462011882
54.750000000000014,0.014961297966403306
54.85000000000001,0.014738144061893353
54.95,0.01450925074927609
55.05,0.014274668748152372
55.15000000000002,0.014034451507527619
55.250000000000014,0.013788655215241972
55.35000000000001,0.01353733880621106
55.45,0.01328056396945227
55.55,0.01301839515386983
55.65000000000002,0.0127508995727811
55.750000000000014,0.012478147207153949
55.85000000000001,0.012200210807538782
55.95,0.011917165894666184
56.05,0.011629090758691866
56.15000000000002,0.011336066457068467
56.250000000000014,0.011038176811018001
56.35000000000001,0.01073550840058485
56.45,0.010428150558253878
56.55,0.010116195361106133
56.65000000000002,0.009799737621496513
56.750000000000014,0.009478874876234961
56.85000000000001,0.00915370737424959
56.95,0.008824338062714855
57.05,0.008490872571627927
57.15000000000002,0.008153419196815366
57.250000000000014,0.007812088881356029
57.35000000000001,0.007466995195399458
57.45,0.007118254314368088
57.55,0.006765984995534443
57.65000000000002,0.006410308552945183
57.750000000000014,0.006051348830695914
57.85000000000001,0.00568923217452992
57.95,0.005324087401762517
58.05,0.004956045769509687
58.15000000000002,0.004585240941216939
58.250000000000014,0.004211808951479784
58.35000000000001,0.0038358881691440256
58.45,0.0034576192586841907
58.55,0.0030771451398474833
58.65000000000002,0.002694610945564985
58.750000000000014,0.0023101639781182167
58.85000000000001,0.0019239536635672692
58.95,0.001536131504426459
59.05,0.0011468510305984666
59.15000000000002,0.0007562677485579058
59.250000000000014,0.0003645390887876596
59.35000000000001,-0.00002817564852691055
59.45,-0.0004217153495490406
59.55,-0.000815917144573966
59.65000000000002,-0.001210616467550841
59.750000000000014,-0.0016056471173238806
59.85000000000001,-0.0020008413205955273
59.95,-0.002396029796597925
60.05,-0.0027910418234616792
60.15000000000002,-0.0031857053062730456
60.250000000000014,-0.0035798468468056224
60.35000000000001,-0.003973291814914682
60.45,-0.004365864421573218
60.55,-0.0047573877935408754
60.65000000000002,-0.005147684049642262
60.750000000000014,-0.005536574378638695
60.85000000000001,-0.005923879118670021
60.95,-0.006309417838247032
61.05,-0.006693009418771859
61.15000000000002,-0.007074472138556224
61.250000000000014,-0.007453623758320401
61.35000000000001,-0.007830281608137231
61.45,-0.008204262675798043
61.55,-0.00857538369656572
61.65000000000002,-0.008943461244286788
61.750000000000014,-0.00930831182382895
61.85000000000001,-0.009669751964806341
61.95,-0.01002759831656269
62.05,-0.010381667744365615
62.15000000000002,-0.010731777426783762
62.250000000000014,-0.011077744954199375
62.35000000000001,-0.011419388428417571
62.45,-0.011756526563324788
62.55,-0.012088978786560858
62.65000000000002,-0.012416565342147454
62.750000000000014,-0.012739107394034804
62.85000000000001,-0.013056427130509349
62.95,-0.013368347869422197
63.05,-0.013674694164175431
63.15000000000002,-0.013975291910421121
63.250000000000014,-0.014269968453413542
63.35000000000001,-0.014558552695963766
63.45,-0.01484087520693357
63.55,-0.015116768330213394
63.65000000000002,-0.015386066294124114
63.750000000000014,-0.015648605321179322
63.85000000000001,-0.0159042237381479
63.95,-0.016152762086350796
64.05,-0.016394063232128064
64.15000000000002,-0.016627972477409773
64.25000000000001,-0.01685433767032027
64.35000000000001,-0.017073009315753507
64.45,-0.017283840685839144
64.55,-0.01748668793023822
64.65000000000002,-0.017681410186192945
64.75000000000001,-0.017867869688250087
64.85000000000001,-0.018045931877594644
64.95,-0.018215465510913093
65.05,-0.018376342768706862
65.15000000000002,-0.018528439362982308
65.25000000000001,-0.018671634644241566
65.35000000000001,-0.01880581170768451
65.45,-0.018930857498558544
65.55,-0.01904666291655469
65.65000000000002,-0.019153122919190482
65.75000000000001,-0.01925013662407755
65.85000000000001,-0.01933760741000542
65.95,-0.019415443016750862
66.05,-0.019483555643529913
66.15000000000002,-0.019541862046010616
66.25000000000001,-0.01959028363179573
66.35000000000001,-0.019628746554300715
66.45,-0.019657181804926017
66.55,-0.01967552530345308
66.65000000000002,-0.019683717986569357
66.75000000000001,-0.019681705894435634
66.85000000000001,-0.019669440255212608
66.95,-0.019646877567462126
67.05,-0.019613979680327805
67.15000000000002,-0.019570713871420602
67.25000000000001,-0.01951705292231215
67.35000000000001,-0.01945297519155967
67.45,-0.01937846468516725
67.55,-0.019293511124409024
67.65000000000002,-0.019198110010919776
67.75000000000001,-0.019092262688971292
67.85000000000001,-0.018975976404857688
67.95,-0.018849264363296564
68.05,-0.018712145780769372
68.15000000000002,-0.018564645935720624
68.25000000000001,-0.018406796215530506
68.35000000000001,-0.018238634160185657
68.45,-0.018060203502567346
68.55,-0.01787155420528213
68.65000000000002,-0.017672742493954816
68.75000000000001,-0.01746383088691221
68.85000000000001,-0.017244888221183745
68.95,-0.01701598967474344
69.05,-0.01677721678493052
69.15000000000002,-0.01652865746296828
69.25000000000001,-0.01627040600452619
69.35000000000001,-0.01600256309625081
69.45,-0.01572523581820587
69.55,-0.015438537642161758
69.65000000000002,-0.015142588425666598
69.75000000000001,-0.01483751440185493
69.85000000000001,-0.014523448164926837
69.95,-0.01420052865124757
70.05,-0.013868901116023164
70.15000000000002,-0.013528717105496439
70.25000000000001,-0.013180134424621731
70.35000000000001,-0.012823317100174054
70.45,-0.012458435339253324
70.55,-0.01208566548314727
70.65000000000002,-0.011705189956513467
70.75000000000001,-0.01131719721185846
70.85000000000001,-0.010921881669273076
70.95,-0.010519443651409712
71.05,-0.010110089313674095
71.15000000000002,-0.009694030569609678
71.25000000000001,-0.009271485011466494
71.35000000000001,-0.00884267582593587
71.45,-0.008407831705043863
71.55,-0.00796718675220119
71.65000000000002,-0.0075209803834023975
71.75000000000001,-0.007069457223583536
71.85000000000001,-0.0066128669981342005
71.95,-0.00615146441958684
72.05,-0.005685509069483091
72.15000000000002,-0.005215265275443533
72.25000000000001,-0.004741001983461814
72.35000000000001,-0.004262992625441356
72.45,-0.003781514982015028
72.55,-0.0032968510406707996
72.65000000000002,-0.0028092868492303087
72.75000000000001,-0.0023191123647169987
72.85000000000001,-0.0018266212976583132
72.95,-0.0013321109518831854
73.05,-0.0008358820598562273
73.15000000000002,-0.0003382386136168465
73.25000000000001,0.00016051230861236098
73.35000000000001,0.0006600607200870038
73.45,0.0011600939073905254
73.55,0.0016602966164042153
73.65000000000002,0.002160351242301027
73.75000000000001,0.0026599380234970577
73.85000000000001,0.0031587352394535475
73.95,0.0036564194122392637
74.05,0.004152665511755059
74.15000000000002,0.004647147164519336
74.25000000000001,0.005139536865890335
74.35000000000001,0.005629506195636962
74.45,0.006116726036714929
74.55,0.006600866797142129
74.65000000000002,0.007081598634842135
74.75000000000001,0.007558591685319114
74.85000000000001,0.008031516292041402
74.95,0.008500043239377897
75.05,0.008963843987956814
75.15000000000002,0.009422590912289438
75.25000000000001,0.009875957540511222
75.35000000000001,0.010323618796080694
75.45,0.010765251241277364
75.55,0.011200533322330784
75.65000000000002,0.011629145616016948
75.75000000000001,0.01205077107754315
75.85000000000001,0.012465095289550324
75.95,0.012871806712048392
76.05,0.013270596933104922
76.15000000000002,0.013661160920095757
76.25000000000001,0.014043197271330186
76.35000000000001,0.014416408467855852
76.45,0.014780501125242736
76.55,0.01513518624515394
76.65000000000002,0.015480179466490574
76.75000000000001,0.015815201315911773
76.85000000000001,0.01613997745751827
76.95,0.016454238941488057
77.05,0.01675772245145137
77.15000000000002,0.017050170550390036
77.25000000000001,0.017331331924838423
77.35000000000001,0.01760096162717377
77.45,0.0178588213157662
77.55,0.0181046794927707
77.65000000000002,0.0183383117393315
77.75000000000001,0.018559500947978348
77.85000000000001,0.018768037551981746
77.95,0.01896371975144131
78.05,0.019146353735879695
78.15000000000002,0.019315753903110813
78.25000000000001,0.019471743074151237
78.35000000000001,0.01961415270394984
78.45,0.019742823087699212
78.55,0.019857603562504857
78.65000000000002,0.019958352704178887
78.75000000000001,0.020044938518931573
78.85000000000001,0.020117238629736484
78.95,0.020175140457134675
79.05,0.020218541394261817
79.15000000000002,0.02024734897586898
79.25000000000001,0.020261481041116552
79.35000000000001,0.02026086588992611
79.45,0.020245442432667418
79.55,0.02021516033296656
79.65000000000002,0.02016998014342885
79.75000000000001,0.020109873434059962
79.85000000000001,0.02003482291318627
79.95,0.019944822540668667
80.05,0.019839877633213706
80.15000000000002,0.019720004961580898
80.25000000000001,0.01958523283951375
80.35000000000001,0.019435601204183944
80.45,0.019271161687991072
80.55,0.019091977681526186
80.65000000000002,0.01889812438754023
80.75000000000001,0.018689688865741245
80.85000000000001,0.018466770068272395
80.95,0.01822947886570924
81.05,0.017977938063432137
81.15000000000002,0.017712282408235434
81.25000000000001,0.017432658585036315
81.35000000000001,0.017139225203558144
81.45,0.01683215277487074
81.55,0.01651162367766897
81.65000000000002,0.01617783211419616
81.75000000000001,0.015830984055703254
81.85000000000001,0.015471297177366372
81.95,0.015099000782575669
82.05,0.014714335716527084
82.15000000000002,0.014317554269052813
82.25000000000001,0.01390892006663996
82.35000000000001,0.01348870795358954
82.45,0.013057203862280403
82.55,0.01261470467251713
82.65000000000002,0.012161518059940922
82.75000000000001,0.011697962333501516
82.85000000000001,0.01122436626199349
82.95,0.010741068889666564
83.05,0.01024841934094746
83.15000000000002,0.009746776614292895
83.25000000000001,0.009236509365232707
83.35000000000001,0.008717995678656745
83.45,0.008191622830407344
83.55,0.007657787038266204
83.65000000000002,0.007116893202424388
83.75000000000001,0.006569354635526896
83.85000000000001,0.0060155927824214975
83.95,0.0054560369297205116
84.05,0.004891123905325153
84.15000000000002,0.004321297768049707
84.25000000000001,0.003747009487512755
84.35000000000001,0.0031687166144568997
84.45,0.0025868829416943336
84.55,0.002001978155855063
84.65000000000002,0.0014144774801590847
84.75000000000001,0.0008248613084199227
84.85000000000001,0.00023361483051502496
84.95,-0.00035877235044037386
85.05,-0.0009518066089600048
85.15000000000002,-0.0015449906958312774
85.25000000000001,-0.002137824144266578
85.35000000000001,-0.0027298036832622626
85.45,-0.0033204236578865468
85.55,-0.003909176456168826
85.65000000000002,-0.004495552942281013
85.75000000000001,-0.005079042895677624
85.85000000000001,-0.00565913545585406
85.95,-0.006235319572370801
86.05,-0.0068070844597769116
86.15000000000002,-0.00737392005707161
86.25000000000001,-0.007935317491308488
86.35000000000001,-0.008490769544965103
86.45,-0.009039771126662993
86.55,-0.009581819744836809
86.65000000000002,-0.010116415983934394
86.75000000000001,-0.010643063982710105
86.85000000000001,-0.011161271914194382
86.95,-0.011670552466872278
87.05,-0.012170423326641935
87.15000000000002,-0.012660407659080964
87.25000000000001,-0.013140034591557293
87.35000000000001,-0.013608839694723015
87.45,-0.014066365462895747
87.55,-0.014512161792859623
87.65000000000002,-0.014945786460593455
87.75000000000001,-0.01536680559542201
87.85000000000001,-0.015774794151110813
87.95,-0.016169336373384698
88.05,-0.01655002626337536
88.15000000000002,-0.016916468036489742
88.25000000000001,-0.017268276576178805
88.35000000000001,-0.017605077882106215
88.45,-0.017926509512192865
88.55,-0.018232221018025935
88.65000000000002,-0.018521874373119043
88.75000000000001,-0.018795144393501374
88.85000000000001,-0.019051719150126854
88.95,-0.01929130037258732
89.05,-0.01951360384361387
89.15000000000002,-0.019718359783868832
89.25000000000001,-0.01990531322650331
89.35000000000001,-0.02007422438099721
89.45,-0.020224868985764418
89.55,-0.020357038649046907
89.65000000000002,-0.02047054117759171
89.75000000000001,-0.020565200892643316
89.85000000000001,-0.02064085893276543
89.95,-0.020697373543026493
90.05,-0.02073462035009061
90.15000000000002,-0.020752492622757066
90.25000000000001,-0.020750901517507126
90.35000000000001,-0.020729776308628156
90.45,-0.02068906460248635
90.55,-0.0206287325355367
90.65000000000002,-0.020548764955677513
90.75000000000001,-0.020449165586548964
90.85000000000001,-0.02032995717441315
90.95,-0.02019118161724266
91.05,-0.02003290007568178
91.15000000000002,-0.01985519306553496
91.25000000000001,-0.019658160531477526
91.35000000000001,-0.019441921901675676
91.45,-0.019206616123041993
91.55,-0.018952401676850434
91.65000000000002,-0.01867945657446223
91.75000000000001,-0.018387978332935113
91.85000000000001,-0.018078183930296022
91.95,-0.017750309740290335
92.05,-0.017404611446427555
92.15000000000002,-0.01704136393517326
92.25000000000001,-0.016660861168154847
92.35000000000001,-0.016263416033265893
92.45,-0.015849360174582224
92.55,-0.015419043801022976
92.65000000000002,-0.014972835473705778
92.75000000000001,-0.01451112187198253
92.85000000000001,-0.014034307538148614
92.95,-0.013542814600855515
93.05,-0.01303708247727606
93.15000000000002,-0.012517567554090765
93.25000000000001,-0.011984742847401137
93.35000000000001,-0.01143909764168254
93.45,-0.01088113710793933
93.55,-0.010311381901216459
93.65000000000002,-0.009730367737687016
93.75000000000001,-0.009138644951527107
93.85000000000001,-0.008536778031829092
93.95,-0.007925345139840435
94.05,-0.007304937606817368
94.15000000000002,-0.006676159412832952
94.25000000000001,-0.006039626646886912
94.35000000000001,-0.005395966948702484
94.45,-0.004745818932615133
94.55,-0.0040898315939875505
94.65000000000002,-0.00342866369860915
94.75000000000001,-0.0027629831555621375
94.85000000000001,-0.002093466374065321
94.95,-0.001420797604836017
95.05,-0.0007456682665202416
95.15000000000002,-0.00006877625778059909
95.25000000000001,0.000609174744342772
95.35000000000001,0.001287475999178279
95.45,0.001965414429605858
95.55,0.002642273361003644
95.65000000000002,0.003317333271259579
95.75000000000001,0.003989872551110366
95.85000000000001,0.004659168274072333
95.95,0.005324496975194132
96.05,0.0059851354378388875
96.15000000000002,0.006640361487688295
96.25000000000001,0.0072894547931475285
96.35000000000001,0.007931697671295973
96.45,0.00856637589852751
96.55,0.009192779524995254
96.65000000000002,0.00981020369196378
96.75000000000001,0.010417949451164426
96.85000000000001,0.011015324585212274
96.95,0.011601644428163835
97.05,0.01217623268524577
97.15000000000002,0.012738422250802978
97.25000000000001,0.013287556023484645
97.35000000000001,0.013822987717686858
97.45,0.014344082670261375
97.55,0.014850218641487539
97.65000000000002,0.015340786609302715
97.75000000000001,0.015815191555783203
97.85000000000001,0.016272853244855244
97.95,0.016713206990228456
98.05,0.017135704412518975
98.15000000000002,0.017539814184560937
98.25000000000001,0.01792502276387338
98.35000000000001,0.018290835111277142
98.45,0.0186367753946433
98.55,0.018962387676777503
98.65000000000002,0.01926723658642428
98.75000000000001,0.019550907971414778
98.85000000000001,0.019813009532966084
98.95,0.020053171440160354
99.05,0.020271046923646424
99.15000000000002,0.020466312847612713
99.25000000000001,0.02063867025909991
99.35000000000001,0.020787844913738286
99.45,0.020913587777008757
99.55,0.021015675500147008
99.65000000000002,0.021093910869829705
99.75000000000001,0.021148123230810785
99.85000000000001,0.021178168880681268
99.95,0.021183931435971567
100.05,0.02116532216882645
