-99.95,0.007931254399694533
-99.85000000000001,0.008039918990654003
-99.75,0.008070888607311267
-99.65,0.008023841456007496
-99.55,0.007899209555327915
-99.45,0.0076981717816279275
-99.35000000000001,0.007422639754271935
-99.25,0.0070752367514762896
-99.15,0.006659269913055289
-99.05,0.006178696048552149
-98.95,0.005638081427629401
-98.85000000000001,0.005042555983671506
-98.75,0.004397762410883415
-98.65,0.003709800679296085
-98.55,0.0029851685307117014
-98.45,0.0022306985513965293
-98.35000000000001,0.0014534924440575412
-98.25,0.000660853142122418
-98.15,-0.00013978457650623425
-98.05,-0.0009409243113076719
-97.95,-0.001735078430313481
-97.85000000000001,-0.0025148379692312246
-97.75,-0.003272941388256542
-97.65,-0.004002341553397801
-97.55,-0.004696270331956131
-97.45,-0.00534830022006918
-97.35000000000001,-0.0059524024536075
-97.25,-0.006503001091796156
-97.15,-0.006995022605339751
-97.05,-0.007423940547066098
-96.95,-0.007785814932708135
-96.85000000000001,-0.008077326011904829
-96.75,-0.008295802164288844
-96.65,-0.008439241712104686
-96.55,-0.008506328498623981
-96.45,-0.008496441140130937
-96.35000000000001,-0.00840965591790988
-96.25,-0.008246743334920644
-96.15,-0.008009158419181834
-96.05,-0.007699024911779469
-95.95,-0.007319113531382661
-95.85000000000001,-0.0068728145587307315
-95.75,-0.006364105033305425
-95.65,-0.005797510899922316
-95.55,-0.005178064484905634
-95.45,-0.004511257719507951
-95.35000000000001,-0.0038029915620337185
-95.25,-0.0030595220994542606
-95.15,-0.002287403833985073
-95.05,-0.0014934306799627805
-94.95,-0.0006845752113044271
-94.85000000000001,0.00013207329020449923
-94.75,0.000949371430585812
-94.65,0.0017601843881184095
-94.55,0.0025574481362892806
-94.45,0.0033342306646798746
-94.35000000000001,0.004083791671570224
-94.25,0.004799640220827011
-94.15,0.005475589878643306
-94.05,0.0061058108726522575
-93.95,0.006684878846540782
-93.85000000000001,0.007207819817244278
-93.75,0.007670150978730644
-93.65,0.008067917035965154
-93.55,0.00839772179444363
-93.45,0.008656754774354633
-93.35000000000001,0.008842812663534325
-93.25,0.008954315469518971
-93.15,0.008990317277763324
-93.05,0.008950511570063775
-92.95,0.008835231103999556
-92.85000000000001,0.00864544240038669
-92.75,0.00838273493093042
-92.65,0.008049305142114533
-92.55,0.007647935493496041
-92.45,0.007181968728672042
-92.35000000000001,0.006655277634936114
-92.25,0.006072230582744794
-92.15,0.005437653168337472
-92.05,0.004756786311948843
-91.95,0.004035241189821215
-91.85000000000001,0.0032789514005133434
-91.75,0.002494122784666032
-91.65,0.0016871813323181232
-91.55,0.0008647196230053401
-91.45,0.00003344225119263242
-91.35000000000001,-0.0007998893069435138
-91.25,-0.0016285119296916783
-91.15,-0.0024457157373331878
-91.05,-0.003244898187143886
-90.95,-0.00401961694327145
-90.85000000000001,-0.004763641103556103
-90.75,-0.005471000383246964
-90.65,-0.006136031876488016
-90.55,-0.006753424040166067
-90.45,-0.007318257571013548
-90.35,-0.007826042875479593
-90.25,-0.008272753862552263
-90.15,-0.008654857822164786
-90.05,-0.008969341185741919
-89.95,-0.0092137310005708
-89.85,-0.009386111985673589
-89.75,-0.009485139073454076
-89.65,-0.009510045378263126
-89.55,-0.009460645569869666
-89.45,-0.009337334666372047
-89.35,-0.009141082297025567
-89.25,-0.008873422520521543
-89.15,-0.008536439318185754
-89.05,-0.00813274791409788
-88.95,-0.0076654721050367115
-88.85,-0.0071382178122251705
-88.75,-0.00655504309386153
-88.65,-0.0059204248822132865
-88.55,-0.00523922273146015
-88.45,-0.004516639882343006
-88.35,-0.003758181966929752
-88.25,-0.0029696136913010644
-88.15,-0.0021569138456753517
-88.05,-0.0013262290003389521
-87.95,-0.0004838262517301856
-87.85,0.00036395461387477403
-87.75,0.0012107491713691026
-87.65,0.002050216257381009
-87.55,0.002876085360564638
-87.45,0.0036822031497624305
-87.35,0.004462578798715469
-87.25,0.005211427778973804
-87.15,0.005923213807936121
-87.05,0.0065926886563737585
-86.95,0.007214929539209827
-86.85,0.00778537383454072
-86.75,0.008299850898722042
-86.65,0.008754610769603672
-86.55,0.00914634957546257
-86.45,0.009472231493666956
-86.35,0.009729907130372207
-86.25,0.00991752822039028
-86.15,0.01003375857458299
-86.05,0.010077781230474528
-85.95,0.010049301790057157
-85.85,0.009948547956768758
-85.75,0.009776265311143693
-85.65,0.009533709391490284
-85.55,0.009222634171939945
-85.45,0.008845277055168941
-85.35,0.008404340520844737
-85.25,0.007902970593253273
-85.15,0.0073447323124573175
-85.05,0.006733582412622043
-84.95,0.006073839428678015
-84.85,0.005370151468202153
-84.75,0.004627461899178315
-84.65,0.003850973216104973
-84.55,0.0030461093566707172
-84.45,0.002218476748911738
-84.35,0.001373824374343281
-84.25,0.0005180031360588739
-84.15,-0.0003430751778260101
-84.05,-0.001203479045675848
-83.95,-0.002057298191766473
-83.85,-0.0028986841113170345
-83.75,-0.003721889865366098
-83.65,-0.004521308878160971
-83.55,-0.005291512479878949
-83.45,-0.006027285949308698
-83.35,-0.006723662824444854
-83.25,-0.00737595726369578
-83.15,-0.007979794256438882
-83.05,-0.008531137498840548
-82.95,-0.009026314769061367
-82.85,-0.009462040655042577
-82.75,-0.009835436507865518
-82.65,-0.010144047514060575
-82.55,-0.010385856801041985
-82.45,-0.010559296510933182
-82.35,-0.010663255799260514
-82.25,-0.01069708573618781
-82.15,-0.010660601108999553
-82.05,-0.010554079145272495
-81.95,-0.010378255196473693
-81.85,-0.010134315441447439
-81.75,-0.009823886688297409
-81.65,-0.009449023371397918
-81.55,-0.00901219185758813
-81.45,-0.008516252191904121
-81.35,-0.007964437428396101
-81.25,-0.007360330705589948
-81.15,-0.006707840238882922
-81.05,-0.006011172413600921
-80.95,-0.005274803172465031
-80.85,-0.004503447899853955
-80.75,-0.003702030012406327
-80.65,-0.002875648471207271
-80.55,-0.002029544435009546
-80.45,-0.0011690672766652764
-80.35,-0.0002996401861790687
-80.25,0.0005732744164219898
-80.15,0.0014442094368582925
-80.05,0.0023077274125270046
-79.95,0.0031584543545074184
-79.85,0.003991112917279348
-79.75,0.004800554694735954
-79.65,0.00558179144921091
-79.55,0.006330025089463636
-79.45,0.007040676223827697
-79.35,0.007709411125928286
-79.25,0.008332166962416437
-79.15,0.008905175144994658
-79.05,0.009424982682470327
-78.95,0.009888471422638608
-78.85,0.010292875088302206
-78.75,0.010635794026637696
-78.65,0.010915207606266178
-78.55,0.01112948421173113
-78.45,0.011277388800480221
-78.35,0.011358088002833236
-78.25,0.011371152760671507
-78.15,0.01131655851563467
-78.05,0.011194682972349644
-77.95,0.011006301476572545
-77.85,0.010752580062012875
-77.75,0.010435066232943607
-77.65,0.010055677562425477
-77.55,0.009616688198013923
-77.45,0.009120713378094475
-77.35,0.008570692072502354
-77.25,0.007969867870702207
-77.15,0.007321768249562398
-77.05,0.006630182360573665
-76.95,0.005899137483216464
-76.85,0.005132874297057127
-76.75,0.00433582113002962
-76.65,0.0035125673442179843
-76.55,0.0026678360233045395
-76.45,0.001806456127683894
-76.35,0.0009333342840602671
-76.25,0.000053426376199204295
-76.15,-0.0008282908976561546
-76.05,-0.0017068483372600796
-75.95,-0.0025773122623017897
-75.85,-0.0034348120872630564
-75.75,-0.004274567297379751
-75.65,-0.0050919136794301025
-75.55,-0.005882328667352735
-75.45,-0.006641455669690286
-75.35,-0.007365127253487858
-75.25,-0.008049387067507826
-75.15,-0.008690510396385819
-75.05,-0.00928502324658491
-74.95,-0.009829719874662529
-74.85,-0.010321678678348684
-74.75,-0.010758276381222379
-74.65,-0.011137200452268852
-74.55,-0.01145645971226123
-74.45,-0.01171439308964931
-74.35,-0.011909676499431374
-74.25,-0.012041327829217487
-74.15,-0.01210871002735993
-74.05,-0.012111532298523282
-73.95,-0.012049849422376597
-73.85,-0.01192405922111868
-73.75,-0.011734898211290614
-73.65,-0.011483435484689455
-73.55,-0.011171064872168667
-73.45,-0.010799495452639427
-73.35,-0.010370740477603332
-73.25,-0.009887104789094454
-73.15,-0.009351170815842386
-73.05,-0.008765783238887445
-72.95,-0.008134032423639723
-72.85,-0.007459236720562021
-72.75,-0.006744923741162806
-72.65,-0.005994810719879102
-72.55,-0.005212784075641401
-72.45,-0.004402878289465731
-72.35,-0.0035692542163222496
-72.25,-0.002716176950747237
-72.15,-0.00184799336626137
-72.05,-0.0009691094485718187
-71.95,-0.00008396754185672926
-71.85,0.000802976373895608
-71.75,0.001687275258419749
-71.65,0.002564513325993395
-71.55,0.003430327988984959
-71.45,0.0042804313231298305
-71.35,0.005110630951578521
-71.25,0.005916850249268374
-71.15,0.006695147774116131
-71.05,0.007441735836854116
-70.95,0.008152998127028264
-70.85,0.008825506318697472
-70.75,0.009456035585660084
-70.65,0.010041578962595693
-70.55,0.010579360495249426
-70.45,0.011066847129719658
-70.35,0.01150175929795656
-70.25,0.011882080163721288
-70.15,0.01220606350045572
-70.05,0.012472240179720756
-69.95,0.012679423256049588
-69.85,0.012826711641193225
-69.75,0.012913492367775458
-69.65,0.012939441449283487
-69.55,0.012904523350072961
-69.45,0.012808989085630936
-69.35,0.012653372979687624
-69.25,0.012438488110859548
-69.15,0.012165420487346567
-69.05,0.011835521993732966
-68.95,0.011450402159163245
-68.85,0.011011918801050716
-68.75,0.010522167603010267
-68.65,0.009983470689867022
-68.55,0.009398364266390357
-68.45,0.008769585389788618
-68.35,0.008100057949002983
-68.25,0.0073928779264348845
-68.15,0.006651298019919749
-68.05,0.00587871170453672
-67.95,0.005078636815208931
-67.85,0.004254698731994587
-67.75,0.003410613250530837
-67.65,0.0025501692202278834
-67.55000000000001,0.0016772110325848784
-67.45,0.0007956210413646875
-67.35,-0.00009069800462163567
-67.25,-0.0009778404367220862
-67.15,-0.0018619149719404473
-67.05000000000001,-0.0027390617730437814
-66.95,-0.0036054691899339883
-66.85,-0.004457390111573972
-66.75,-0.0052911578606582715
-66.65,-0.00610320156638318
-66.55000000000001,-0.0068900609540724685
-66.45,-0.00764840049402327
-66.35,-0.00837502285574787
-66.25,-0.009066881617767824
-66.15,-0.00972109318724323
-66.05000000000001,-0.010334947887979692
-65.95,-0.010905920179717142
-65.85,-0.011431677976055649
-65.75,-0.011910091032869602
-65.65,-0.012339238383623564
-65.55000000000001,-0.012717414802554608
-65.45,-0.013043136281250955
-65.35,-0.013315144508700263
-65.25,-0.01353241034936312
-65.15,-0.013694136318270276
-65.05000000000001,-0.013799758056479431
-64.95,-0.013848944814489688
-64.85,-0.013841598955335764
-64.75,-0.013777854493093133
-64.65,-0.013658074686382507
-64.55000000000001,-0.013482848710150545
-64.45,-0.01325298743254002
-64.35,-0.012969518326983818
-64.25,-0.012633679552820052
-64.15,-0.012246913240649021
-64.05000000000001,-0.011810858021383343
-63.95,-0.011327340840454902
-63.85,-0.010798368100913117
-63.75,-0.010226116181201093
-63.65,-0.009612921375218865
-63.550000000000004,-0.008961269303848846
-63.45,-0.008273783848467692
-63.35,-0.007553215658067131
-63.25,-0.00680243028246597
-63.15,-0.006024395984732109
-63.050000000000004,-0.005222171286311944
-62.95,-0.0043988922985439905
-62.85,-0.0035577598941569674
-62.75,-0.0027020267720833835
-62.65,-0.0018349844684099734
-62.550000000000004,-0.0009599503655996442
-62.45,-0.0000802547512017141
-62.35,0.0008007720238134296
-62.25,0.00167981223824226
-62.15,0.002553573297944143
-62.050000000000004,0.003418799991450266
-61.95,0.004272286459844496
-61.85,0.005110887838780619
-61.75,0.00593153153253326
-61.65,0.006731228082135471
-61.55,0.00750708159190617
-61.45,0.008256299681036854
-61.35,0.008976202929338577
-61.25,0.009664233788760742
-61.15,0.01031796493487075
-61.05,0.010935107035097365
-60.95,0.011513515913193013
-60.85,0.012051199092067838
-60.75,0.012546321699822352
-60.65,0.012997211726518257
-60.55,0.013402364621916789
-60.45,0.013760447227076126
-60.35,0.014070301035351685
-60.25,0.01433094478094834
-60.15,0.014541576355722771
-60.05,0.014701574057443812
-59.95,0.014810497175151571
-59.85,0.01486808591961601
-59.75,0.014874260709184467
-59.65,0.014829120823495289
-59.55,0.014732942439645636
-59.45,0.014586176067393724
-59.35,0.014389443401882284
-59.25,0.01414353361414665
-59.15,0.013849399101359084
-59.05,0.013508150720302389
-58.95,0.013121052529008229
-58.85,0.012689516062813912
-58.75,0.012215094172264398
-58.65,0.011699474451361986
-58.55,0.01114447228558887
-58.45,0.01055202354994095
-58.35,0.009924176987880978
-58.25,0.009263086302679966
-58.15,0.008571001993030966
-58.05,0.007850262965122111
-57.95,0.007103287953541006
-57.85,0.006332566783421937
-57.75,0.005540651506208598
-57.65,0.004730147441211913
-57.55,0.0039037041548665315
-57.45,0.0030640064091951224
-57.35,0.002213765110489734
-57.25,0.0013557082886326
-57.15,0.0004925721367785368
-57.05,-0.0003729078596464717
-56.95,-0.0012380056765402174
-56.85,-0.002100013360173233
-56.75,-0.0029562494655505306
-56.65,-0.003804067299045481
-56.55,-0.004640862941397032
-56.45,-0.005464083028373888
-56.35,-0.006271232267656078
-56.25,-0.007059880671790193
-56.15,-0.007827670488409577
-56.05,-0.008572322810285223
-55.95,-0.009291643849175924
-55.85,-0.009983530858873008
-55.75,-0.010645977694267431
-55.65,-0.011277079994735595
-55.55,-0.01187503998158612
-55.45,-0.012438170860782099
-55.35,-0.01296490082360089
-55.25,-0.013453776639351454
-55.15,-0.013903466835699579
-55.05,-0.014312764463566422
-54.95,-0.014680589444966844
-54.85,-0.015005990503515945
-54.75,-0.015288146678671535
-54.65,-0.015526368426087435
-54.55,-0.015720098307708916
-54.45,-0.015868911276474735
-54.35,-0.01597251456166749
-54.25,-0.0160307471620803
-54.15,-0.016043578955264294
-54.05,-0.016011109432140524
-53.95,-0.015933566067247034
-53.85,-0.015811302335807013
-53.75,-0.01564479538967353
-53.65,-0.015434643405010655
-53.55,-0.015181562615314658
-53.45,-0.014886384044072243
-53.35,-0.01455004995196455
-53.25,-0.01417361001410524
-53.15,-0.013758217243281669
-53.05,-0.013305123675628201
-52.95,-0.012815675835519997
-52.85,-0.012291309996802885
-52.75,-0.011733547257726564
-52.65,-0.011143988447143139
-52.55,-0.010524308879671611
-52.45,-0.00987625297760632
-52.35,-0.00920162877737294
-52.25,-0.008502302338297124
-52.15,-0.007780192071375923
-52.05,-0.007037263005588147
-51.95,-0.006275521009112314
-51.85,-0.0054970069825690734
-51.75,-0.004703791041131649
-51.65,-0.0038979667020222655
-51.55,-0.0030816450935455646
-51.45,-0.0022569492013984945
-51.35,-0.0014260081675681621
-51.25,-0.000590951656631563
-51.15,0.00024609569622557767
-51.05,0.0010830197416912457
-50.95,0.001917722164109297
-50.85,0.0027481257079446306
-50.75,0.0035721792709278942
-50.65,0.0043878628525112
-50.55,0.005193192346923099
-50.45,0.005986224170769909
-50.35,0.0067650597158123525
-50.25,0.007527849618238848
-50.15,0.008272797836450237
-50.05,0.008998165530072865
-49.95,0.009702274733627168
-49.85,0.010383511818981655
-49.75,0.01104033074142997
-49.65,0.011671256064932526
-49.55,0.012274885762761268
-49.45,0.01284989379047719
-49.35,0.013395032428853851
-49.25,0.013909134395027127
-49.15,0.014391114720822584
-49.05,0.014839972397840507
-48.95,0.015254791789527438
-48.85,0.0156347438110638
-48.75,0.015979086878497303
-48.65,0.01628716762913768
-48.55,0.01655842141576707
-48.45,0.016792372577772184
-48.35,0.01698863449281465
-48.25,0.017146909413136673
-48.15,0.01726698809107993
-48.05,0.01734874919882755
-47.95,0.017392158547803658
-47.85,0.017397268113550364
-47.75,0.01736421487227662
-47.65,0.017293219455605857
-47.55,0.01718458463037012
-47.45,0.017038693610582186
-47.35,0.01685600820898106
-47.25,0.016637066835779438
-47.15,0.01638248235245462
-47.05,0.016092939788601403
-46.95,0.01576919393002988
-46.85,0.015412066786415936
-46.75,0.015022444946924092
-46.65,0.014601276832304267
-46.55,0.014149569852014862
-46.45,0.013668387474971032
-46.35,0.01315884622251748
-46.25,0.012622112592221749
-46.15,0.012059399921042845
-46.05,0.011471965196387894
-45.95,0.01086110582348839
-45.85,0.010228156357429283
-45.75,0.009574485208069196
-45.65,0.008901491325942153
-45.55,0.00821060087709653
-45.45,0.007503263914659606
-45.35,0.00678095105474378
-45.25,0.006045150164106801
-45.15,0.005297363066795707
-45.05,0.004539102276759777
-44.95,0.0037718877632094312
-44.85,0.0029972437552545374
-44.75,0.0022166955920984457
-44.65,0.0014317666248206177
-44.55,0.0006439751755007487
-44.45,-0.0001451684408174186
-44.35,-0.0009341648261215042
-44.25,-0.001721528336447064
-44.15,-0.002505789841278483
-44.05,-0.0032854994009797215
-43.95,-0.004059228858199738
-43.85,-0.004825574339478528
-43.75,-0.005583158663593882
-43.65,-0.006330633653464955
-43.55,-0.007066682348738595
-43.45,-0.00779002111646633
-43.35,-0.008499401657578507
-43.25,-0.009193612907147044
-43.15,-0.009871482826714075
-43.05,-0.010531880087245267
-42.95,-0.011173715641544355
-42.85,-0.011795944185233742
-42.75,-0.012397565505677575
-42.65,-0.012977625718480547
-42.55,-0.013535218391446918
-42.45,-0.014069485556138805
-42.35,-0.014579618607406362
-42.25,-0.01506485909149324
-42.15,-0.015524499383553669
-42.05,-0.015957883255621537
-41.95,-0.01636440633629194
-41.85,-0.01674351646356011
-41.75,-0.017094713932470026
-41.65,-0.017417551639387185
-41.55,-0.017711635124897082
-41.45,-0.01797662251748366
-41.35,-0.018212224380302067
-41.25,-0.018418203463492135
-41.15,-0.018594374364630305
-41.05,-0.018740603100022984
-40.95,-0.018856806589675472
-40.85,-0.01894295205886276
-40.75,-0.018999056359337373
-40.65,-0.019025185213280983
-40.55,-0.019021452383201486
-40.45,-0.018988018771026134
-40.35,-0.018925091449721317
-40.25,-0.01883292263079734
-40.15,-0.018711808571119568
-40.05,-0.018562088422468787
-39.95,-0.01838414302731585
-39.85,-0.018178393664302173
-39.75,-0.017945300746921366
-39.65,-0.017685362478898053
-39.55,-0.017399113469751395
-39.45,-0.01708712331402737
-39.35,-0.016749995137652435
-39.25,-0.0163883641148392
-39.15,-0.01600289595894553
-39.05,-0.015594285390638568
-38.95,-0.015163254586683274
-38.85,-0.014710551612616316
-38.75,-0.014236948842507794
-38.65,-0.01374324136896675
-38.55,-0.013230245406459947
-38.45,-0.012698796690964444
-38.35,-0.012149748878889012
-38.25,-0.011583971948120933
-38.15,-0.011002350603983937
-38.05,-0.01040578269279862
-37.95,-0.009795177625654692
-37.85,-0.009171454814911967
-37.75,-0.00853554212586306
-37.65,-0.007888374345881698
-37.55,-0.0072308916733021455
-37.45,-0.006564038228161618
-37.35,-0.005888760586854598
-37.25,-0.005206006342632613
-37.15,-0.00451672269379763
-37.05,-0.003821855061322345
-36.95,-0.00312234573753881
-36.85,-0.0024191325674345412
-36.75,-0.0017131476639876942
-36.65,-0.0010053161588752589
-36.55,-0.00029655498979558683
-36.45,0.00041222827447047196
-36.35,0.001120136570219098
-36.25,0.0018262844352657424
-36.15,0.0025297990648338858
-36.05,0.003229821326139558
-35.95,0.003925506731027575
-35.849999999999994,0.004616026366091759
-35.75,0.0053005677798183305
-35.650000000000006,0.005978335826365533
-35.55,0.006648553465689186
-35.45,0.007310462519807247
-35.349999999999994,0.007963324385066466
-35.25,0.008606420700373351
-35.150000000000006,0.00923905397141487
-35.05,0.00986054815097145
-34.95,0.010470249175502483
-34.849999999999994,0.011067525458251234
-34.75,0.01165176833917783
-34.650000000000006,0.012222392492105024
-34.55,0.0127788362895155
-34.45,0.01332056212549377
-34.349999999999994,0.013847056697377487
-34.25,0.014357831246719422
-34.150000000000006,0.014852421760225491
-34.05,0.015330389131368938
-33.95,0.015791319283444263
-33.849999999999994,0.016234823254843295
-33.75,0.016660537247399514
-33.650000000000006,0.017068122638663443
-33.55,0.017457265959021646
-33.45,0.01782767883458939
-33.349999999999994,0.018179097896851657
-33.25,0.0185112846600344
-33.150000000000006,0.018824025367232208
-33.05,0.01911713080632068
-32.95,0.019390436096714456
-32.849999999999994,0.019643800448040604
-32.75,0.019877106891810912
-32.650000000000006,0.02009026198719552
-32.55,0.020283195501996476
-32.45,0.020455860069941163
-32.349999999999994,0.02060823082541063
-32.25,0.02074030501672162
-32.150000000000006,0.020852101599088572
-32.05,0.020943660808383866
-31.950000000000003,0.02101504371681116
-31.849999999999994,0.0210663317716105
-31.75,0.02109762631789593
-31.650000000000006,0.021109048106726935
-31.549999999999997,0.021100736789501296
-31.450000000000003,0.021072850399745796
-31.349999999999994,0.02102556482336994
-31.25,0.020959073258434567
-31.150000000000006,0.0208735856654671
-31.049999999999997,0.020769328209344795
-30.950000000000003,0.020646542693747792
-30.849999999999994,0.020505485989160608
-30.75,0.020346429455388403
-30.650000000000006,0.020169658359527887
-30.549999999999997,0.019975471290314607
-30.450000000000003,0.01976417956974269
-30.349999999999994,0.019536106662834587
-30.25,0.019291587586411196
-30.150000000000006,0.019030968317689266
-30.049999999999997,0.01875460520350922
-29.950000000000003,0.018462864370971197
-29.849999999999994,0.01815612114022592
-29.75,0.017834759440157028
-29.650000000000006,0.017499171227639387
-29.549999999999997,0.017149755911058436
-29.450000000000003,0.016786919778731018
-29.349999999999994,0.016411075432845847
-29.25,0.01602264122951948
-29.150000000000006,0.015622040725529895
-29.049999999999997,0.01520970213226894
-28.950000000000003,0.014786057777421025
-28.849999999999994,0.014351543574857422
-28.75,0.013906598503201256
-28.650000000000006,0.013451664093495873
-28.549999999999997,0.012987183926381847
-28.450000000000003,0.012513603139161854
-28.349999999999994,0.012031367943106643
-28.25,0.011540925151335786
-28.150000000000006,0.011042721717566062
-28.049999999999997,0.010537204286018502
-27.950000000000003,0.010024818752730086
-27.849999999999994,0.009506009838503348
-27.75,0.008981220673707468
-27.650000000000006,0.00845089239510402
-27.549999999999997,0.007915463754871907
-27.450000000000003,0.007375370741963193
-27.349999999999994,0.006831046215915954
-27.25,0.006282919553218832
-27.150000000000006,0.0057314163063046175
-27.049999999999997,0.005176957875240323
-26.950000000000003,0.004619961192140503
-26.849999999999994,0.004060838418337715
-26.75,0.003499996654307521
-26.650000000000006,0.002937837662334366
-26.549999999999997,0.0023747576018912247
-26.450000000000003,0.0018111467776857396
-26.349999999999994,0.0012473894003101366
-26.25,0.0006838633594201606
-26.150000000000006,0.00012094000935256177
-26.049999999999997,-0.00044101603292127516
-25.950000000000003,-0.0010016470776261835
-25.849999999999994,-0.0015606025399231647
-25.75,-0.0021175391057032325
-25.650000000000006,-0.002672120885580064
-25.549999999999997,-0.0032240195572530773
-25.450000000000003,-0.0037729144964050196
-25.349999999999994,-0.004318492896319227
-25.25,-0.004860449876406272
-25.150000000000006,-0.005398488579835558
-25.049999999999997,-0.00593232026048146
-24.950000000000003,-0.006461664359395019
-24.849999999999994,-0.0069862485710191
-24.75,-0.007505808899373671
-24.650000000000006,-0.0080200897044421
-24.549999999999997,-0.008528843738993845
-24.450000000000003,-0.00903183217607968
-24.349999999999994,-0.009528824627452383
-24.25,-0.010019599153148366
-24.150000000000006,-0.010503942262490823
-24.049999999999997,-0.010981648906761567
-23.950000000000003,-0.01145252246379774
-23.849999999999994,-0.011916374714770351
-23.75,-0.012373025813402147
-23.650000000000006,-0.012822304247886156
-23.549999999999997,-0.013264046795758452
-23.450000000000003,-0.013698098471991823
-23.349999999999994,-0.014124312470563737
-23.25,-0.014542550099758232
-23.14999999999999,-0.014952680711466777
-23.049999999999997,-0.01535458162473058
-22.950000000000003,-0.01574813804379357
-22.849999999999994,-0.016133242970912974
-22.75,-0.016509797114175218
-22.64999999999999,-0.0168777087905751
-22.549999999999997,-0.017236893824597737
-22.450000000000003,-0.01758727544254811
-22.349999999999994,-0.017928784162871202
-22.25,-0.018261357682698348
-22.14999999999999,-0.0185849407608536
-22.049999999999997,-0.018899485097551908
-21.950000000000003,-0.019204949211014385
-21.849999999999994,-0.01950129831122444
-21.75,-0.019788504171042456
-21.64999999999999,-0.020066544994895668
-21.549999999999997,-0.0203354052852484
-21.450000000000003,-0.020595075707067374
-21.349999999999994,-0.020845552950472617
-21.25,-0.021086839591777845
-21.14999999999999,-0.021318943953110035
-21.049999999999997,-0.021541879960795474
-20.950000000000003,-0.021755667002693935
-20.849999999999994,-0.021960329784658176
-20.75,-0.022155898186292235
-20.64999999999999,-0.022342407116175297
-20.549999999999997,-0.0225198963667135
-20.450000000000003,-0.022688410468774692
-20.349999999999994,-0.02284799854626708
-20.25,-0.02299871417079342
-20.14999999999999,-0.023140615216539585
-20.049999999999997,-0.023273763715525055
-19.950000000000003,-0.023398225713348465
-19.849999999999994,-0.023514071125556715
-19.75,-0.02362137359476058
-19.64999999999999,-0.02372021034861272
-19.549999999999997,-0.02381066205875869
-19.450000000000003,-0.023892812700873713
-19.349999999999994,-0.023966749415881446
-19.25,-0.024032562372454137
-19.14999999999999,-0.024090344630894923
-19.049999999999997,-0.024140192008476488
-18.950000000000003,-0.02418220294633349
-18.849999999999994,-0.024216478377979727
-18.75,-0.024243121599528225
-18.64999999999999,-0.02426223814168539
-18.549999999999997,-0.024273935643582684
-18.450000000000003,-0.024278323728511037
-18.349999999999994,-0.024275513881613857
-18.25,-0.02426561932959059
-18.14999999999999,-0.02424875492246946
-18.049999999999997,-0.024225037017482492
-17.950000000000003,-0.024194583365095147
-17.849999999999994,-0.024157512997224018
-17.75,-0.024113946117683076
-17.64999999999999,-0.024064003994878912
-17.549999999999997,-0.024007808856798287
-17.450000000000003,-0.023945483788296792
-17.349999999999994,-0.023877152630724416
-17.25,-0.023802939883895497
-17.14999999999999,-0.023722970610423135
-17.049999999999997,-0.023637370342432455
-16.950000000000003,-0.023546264990656655
-16.849999999999994,-0.023449780755927362
-16.75,-0.023348044043059363
-16.64999999999999,-0.02324118137713802
-16.549999999999997,-0.023129319322200456
-16.450000000000003,-0.023012584402308942
-16.349999999999994,-0.022891103025019465
-16.25,-0.022765001407223835
-16.14999999999999,-0.022634405503365786
-16.049999999999997,-0.022499440936017058
-15.950000000000003,-0.022360232928795878
-15.849999999999994,-0.022216906241616874
-15.75,-0.022069585108251723
-15.649999999999991,-0.021918393176184412
-15.549999999999997,-0.021763453448735964
-15.450000000000003,-0.021604888229443054
-15.349999999999994,-0.021442819068660454
-15.25,-0.021277366712366567
-15.149999999999991,-0.021108651053144013
-15.049999999999997,-0.020936791083307715
-14.950000000000003,-0.02076190485015486
-14.849999999999994,-0.020584109413302465
-14.75,-0.02040352080408799
-14.649999999999991,-0.020220253986993023
-14.549999999999997,-0.020034422823069317
-14.450000000000003,-0.019846140035324304
-14.349999999999994,-0.019655517176035867
-14.25,-0.019462664595962402
-14.149999999999991,-0.01926769141541872
-14.049999999999997,-0.019070705497164716
-13.950000000000003,-0.018871813421095136
-13.849999999999994,-0.018671120460675192
-13.75,-0.018468730561094184
-13.649999999999991,-0.01826474631909564
-13.549999999999997,-0.01805926896445284
-13.450000000000003,-0.017852398343044616
-13.349999999999994,-0.01764423290150159
-13.25,-0.01743486967337768
-13.149999999999991,-0.0172244042668146
-13.049999999999997,-0.01701293085365956
-12.950000000000003,-0.016800542159995484
-12.849999999999994,-0.01658732945805369
-12.75,-0.016373382559462468
-12.649999999999991,-0.016158789809798645
-12.549999999999997,-0.015943638084404195
-12.450000000000003,-0.01572801278543039
-12.349999999999994,-0.015511997840072112
-12.25,-0.015295675699955874
-12.149999999999991,-0.015079127341644058
-12.049999999999997,-0.014862432268220479
-11.950000000000003,-0.014645668511921053
-11.849999999999994,-0.014428912637772344
-11.75,-0.01421223974820375
-11.649999999999991,-0.013995723488601949
-11.549999999999997,-0.013779436053762523
-11.450000000000003,-0.01356344819521995
-11.349999999999994,-0.013347829229410751
-11.25,-0.013132647046636827
-11.149999999999991,-0.012917968120805931
-11.049999999999997,-0.012703857519905078
-10.950000000000003,-0.012490378917184346
-10.849999999999994,-0.012277594603011517
-10.75,-0.0120655654973773
-10.649999999999991,-0.011854351163010266
-10.549999999999997,-0.01164400981907711
-10.450000000000003,-0.011434598355439498
-10.349999999999994,-0.011226172347436595
-10.25,-0.011018786071165158
-10.149999999999991,-0.010812492519233151
-10.049999999999997,-0.010607343416954526
-9.950000000000003,-0.010403389238964398
-9.849999999999994,-0.010200679226219292
-9.75,-0.00999926140337195
-9.649999999999991,-0.009799182596481095
-9.549999999999997,-0.009600488451037776
-9.450000000000003,-0.00940322345029139
-9.349999999999994,-0.009207430933837501
-9.25,-0.00901315311645598
-9.149999999999991,-0.008820431107178943
-9.049999999999997,-0.008629304928553088
-8.950000000000003,-0.008439813536091158
-8.849999999999994,-0.008251994837886979
-8.75,-0.008065885714365362
-8.649999999999991,-0.007881522038160503
-8.549999999999997,-0.007698938694097054
-8.450000000000003,-0.007518169599256319
-8.349999999999994,-0.007339247723108122
-8.25,-0.0071622051076968085
-8.149999999999991,-0.006987072887856675
-8.049999999999997,-0.006813881311446059
-7.950000000000003,-0.0066426597595818536
-7.849999999999994,-0.006473436766860474
-7.75,-0.006306240041547046
-7.6499999999999915,-0.0061410964857227255
-7.549999999999997,-0.00597803221537385
-7.450000000000003,-0.005817072580404152
-7.349999999999994,-0.005658242184573178
-7.25,-0.005501564905323039
-7.1499999999999915,-0.005347063913505538
-7.049999999999997,-0.005194761692980795
-6.950000000000003,-0.005044680060086135
-6.849999999999994,-0.004896840182956552
-6.75,-0.004751262600690432
-6.6499999999999915,-0.004607967242351123
-6.549999999999997,-0.004466973445786832
-6.450000000000003,-0.004328299976269713
-6.349999999999994,-0.004191965044934768
-6.25,-0.0040579863270168845
-6.1499999999999915,-0.003926380979872042
-6.049999999999997,-0.0037971656607781587
-5.950000000000003,-0.003670356544503328
-5.849999999999994,-0.0035459693406369995
-5.75,-0.003424019310675362
-5.6499999999999915,-0.0033045212848547252
-5.549999999999997,-0.003187489678718119
-5.450000000000003,-0.003072938509424393
-5.349999999999994,-0.0029608814117740028
-5.25,-0.0028513316539607756
-5.1499999999999915,-0.0027443021530358983
-5.049999999999997,-0.002639805490074564
-4.950000000000003,-0.0025378539250528864
-4.849999999999994,-0.0024384594114132117
-4.75,-0.002341633610325798
-4.6499999999999915,-0.002247387904632456
-4.549999999999997,-0.002155733412473733
-4.450000000000003,-0.002066681000590486
-4.349999999999994,-0.0019802412972947502
-4.25,-0.0018964247051134538
-4.1499999999999915,-0.0018152414130853925
-4.049999999999997,-0.00173670140872387
-3.950000000000003,-0.001660814489629637
-3.8499999999999943,-0.001587590274753492
-3.75,-0.0015170382153053112
-3.6499999999999915,-0.0014491676053056512
-3.549999999999997,-0.0013839875917745217
-3.450000000000003,-0.0013215071845549262
-3.3499999999999943,-0.0012617352657699438
-3.25,-0.0012046805989020643
-3.1499999999999915,-0.001150351837503577
-3.049999999999997,-0.0010987575335227114
-2.950000000000003,-0.0010499061452498757
-2.8499999999999943,-0.0010038060448770711
-2.75,-0.0009604655256699739
-2.6499999999999915,-0.0009198928087491959
-2.549999999999997,-0.0008820960494711954
-2.450000000000003,-0.0008470833434191954
-2.3499999999999943,-0.000814862731988725
-2.25,-0.0007854422075677378
-2.1499999999999915,-0.000758829718315852
-2.049999999999997,-0.0007350331725276464
-1.9500000000000028,-0.0007140604425890906
-1.8499999999999943,-0.0006959193685134235
-1.75,-0.0006806177610631437
-1.6499999999999915,-0.0006681634044493112
-1.5499999999999972,-0.0006585640586065075
-1.4500000000000028,-0.0006518274610419056
-1.3499999999999943,-0.0006479613282554058
-1.25,-0.0006469733567260598
-1.1499999999999915,-0.000648871223465861
-1.0499999999999972,-0.0006536625861343648
-0.9500000000000028,-0.0006613550827113974
-0.8499999999999943,-0.0006719563307303593
-0.75,-0.0006854739260629741
-0.6499999999999915,-0.0007019154412543094
-0.5499999999999972,-0.000721288423409444
-0.45000000000000284,-0.0007436003916244809
-0.3499999999999943,-0.0007688588339598278
-0.25,-0.0007970712039533377
-0.14999999999999147,-0.0008282449166772649
-0.04999999999999716,-0.0008623873443191165
0.04999999999999716,-0.0008995058113083784
0.15000000000000568,-0.0009396075889597165
0.25,-0.0009826998896547603
0.3500000000000085,-0.0010287898605408513
0.45000000000000284,-0.0010778845767557847
0.5499999999999972,-0.0011299910341707993
0.6500000000000057,-0.001185116141650156
0.75,-0.0012432667128269687
0.8500000000000085,-0.001304449457391413
0.9500000000000028,-0.0013686709718867605
1.0499999999999972,-0.0014359377300154849
1.1500000000000057,-0.0015062560724498307
1.25,-0.0015796321961466613
1.3500000000000085,-0.0016560721431628717
1.4500000000000028,-0.001735581788973046
1.5499999999999972,-0.0018181668302789348
1.6500000000000057,-0.0019038327723225339
1.75,-0.001992584915688373
1.8500000000000085,-0.0020844283426007925
1.9500000000000028,-0.0021793679027100237
2.049999999999997,-0.002277408198374493
2.1500000000000057,-0.0023785535694259554
2.25,-0.002482808077426408
2.3500000000000085,-0.0025901754894112217
2.450000000000003,-0.002700659261121651
2.549999999999997,-0.0028142625197200982
2.6500000000000057,-0.0029309880459947933
2.75,-0.003050838256051245
2.8500000000000085,-0.0031738151824860098
2.950000000000003,-0.003299920455054979
3.049999999999997,-0.0034291552808214014
3.1500000000000057,-0.003561520423801403
3.25,-0.003697016184090328
3.3500000000000085,-0.0038356423764909988
3.450000000000003,-0.003977398308627258
3.549999999999997,-0.00412228275855759
3.6500000000000057,-0.0042702939518858745
3.75,-0.004421429538375778
3.8500000000000085,-0.004575686568064887
3.950000000000003,-0.004733061466893425
4.049999999999997,-0.004893550011837753
4.150000000000006,-0.005057147305566232
4.25,-0.005223847750616102
4.3500000000000085,-0.005393645023091844
4.450000000000003,-0.005566532045902608
4.549999999999997,-0.0057425009615356465
4.650000000000006,-0.005921543104371093
4.75,-0.00610364897255964
4.8500000000000085,-0.00628880819944873
4.950000000000003,-0.006477009524586988
5.049999999999997,-0.006668240764300108
5.150000000000006,-0.006862488781856092
5.25,-0.007059739457231395
5.3500000000000085,-0.007259977656478154
5.450000000000003,-0.0074631872007149816
5.549999999999997,-0.007669350834749426
5.650000000000006,-0.007878450195342926
5.75,-0.008090465779132463
5.8500000000000085,-0.008305376910226477
5.950000000000003,-0.008523161707485006
6.049999999999997,-0.008743797051503988
6.150000000000006,-0.008967258551315171
6.25,-0.009193520510822914
6.3500000000000085,-0.00942255589499852
6.450000000000003,-0.00965433629583887
6.549999999999997,-0.009888831898129094
6.650000000000006,-0.01012601144500284
6.75,-0.01036584220335388
6.8500000000000085,-0.010608289929094147
6.950000000000003,-0.01085331883229116
7.049999999999997,-0.01110089154221722
7.150000000000006,-0.011350969072324633
7.25,-0.011603510785174903
7.3500000000000085,-0.011858474357354837
7.450000000000003,-0.012115815744406068
7.549999999999997,-0.012375489145788843
7.650000000000006,-0.012637446969923654
7.75,-0.012901639799334993
7.8500000000000085,-0.013168016355928838
7.950000000000003,-0.0134365234664398
8.049999999999997,-0.013707106028085723
8.150000000000006,-0.013979706974455193
8.25,-0.01425426724168237
8.350000000000009,-0.014530725734927027
8.450000000000003,-0.014809019295217628
8.549999999999997,-0.01508908266668382
8.650000000000006,-0.015370848464230367
8.75,-0.015654247141686055
8.850000000000009,-0.015939206960484904
8.950000000000003,-0.01622565395890744
9.049999999999997,-0.01651351192194631
9.150000000000006,-0.01680270235182988
9.25,-0.017093144439261413
9.350000000000009,-0.01738475503542044
9.450000000000003,-0.017677448624783293
9.549999999999997,-0.017971137298798907
9.650000000000006,-0.01826573073049973
9.75,-0.018561136150076835
9.850000000000009,-0.01885725832149467
9.950000000000003,-0.01915399952019383
10.049999999999997,-0.019451259511936107
10.150000000000006,-0.01974893553286539
10.25,-0.020046922270830932
10.350000000000009,-0.02034511184804543
10.450000000000003,-0.020643393805132755
10.549999999999997,-0.02094165508663606
10.650000000000006,-0.021239780028046207
10.75,-0.021537650344423096
10.850000000000009,-0.021835145120669253
10.950000000000003,-0.022132140803530327
11.049999999999997,-0.022428511195386715
11.150000000000006,-0.02272412744991099
11.25,-0.0230188580696626
11.350000000000009,-0.023312568905676106
11.450000000000003,-0.023605123159145817
11.549999999999997,-0.023896381385246114
11.650000000000006,-0.02418620149918998
11.75,-0.02447443878457442
11.850000000000009,-0.024760945904114578
11.950000000000003,-0.025045572912812307
12.049999999999997,-0.025328167273670373
12.150000000000006,-0.025608573875986505
12.25,-0.02588663505634572
12.350000000000009,-0.026162190622355114
12.450000000000003,-0.02643507787921843
12.549999999999997,-0.02670513165921463
12.650000000000006,-0.026972184354166134
12.75,-0.027236065950969685
12.850000000000009,-0.02749660407025992
12.950000000000003,-0.027753624008297405
13.049999999999997,-0.028006948782139177
13.150000000000006,-0.02825639917818309
13.25,-0.02850179380414245
13.350000000000009,-0.028742949144545255
13.450000000000003,-0.028979679619812952
13.549999999999997,-0.02921179764900342
13.650000000000006,-0.02943911371627446
13.75,-0.029661436441159466
13.850000000000009,-0.02987857265269646
13.950000000000003,-0.030090327467500906
14.049999999999997,-0.030296504371829704
14.150000000000006,-0.030496905307705765
14.25,-0.03069133076317642
14.350000000000009,-0.03087957986673619
14.450000000000003,-0.031061450485996327
14.549999999999997,-0.031236739330645788
14.650000000000006,-0.03140524205975253
14.75,-0.03156675339345893
14.850000000000009,-0.03172106722911188
14.950000000000003,-0.031867976761874944
15.049999999999997,-0.03200727460985846
15.150000000000006,-0.03213875294380494
15.25,-0.03226220362136267
15.350000000000009,-0.03237741832596912
15.450000000000003,-0.03248418871038199
15.549999999999997,-0.032582306544860946
15.650000000000006,-0.03267156387002432
15.75,-0.03275175315439574
15.850000000000009,-0.03282266745663631
15.950000000000003,-0.0328841005924648
16.049999999999997,-0.0329358473062721
16.150000000000006,-0.03297770344740249
16.25,-0.03300946615109786
16.35000000000001,-0.03303093402408231
16.450000000000003,-0.03304190733475191
16.549999999999997,-0.033042188207938285
16.650000000000006,-0.03303158082421439
16.75,-0.033009891623673245
16.85000000000001,-0.03297692951415083
16.950000000000003,-0.03293250608380599
17.049999999999997,-0.03287643581800938
17.150000000000006,-0.03280853632044637
17.25,-0.032728628538361164
17.35000000000001,-0.03263653699184389
17.450000000000003,-0.032532090007058534
17.549999999999997,-0.03241511995330099
17.650000000000006,-0.03228546348377652
17.75,-0.032142961779955626
17.85000000000001,-0.03198746079938338
17.950000000000003,-0.031818811526791835
18.049999999999997,-0.03163687022835835
18.150000000000006,-0.03144149870894761
18.25,-0.03123256457216401
18.35000000000001,-0.031009941483023967
18.450000000000003,-0.030773509433061442
18.549999999999997,-0.030523155007655484
18.650000000000006,-0.030258771655364537
18.75,-0.029980259959048742
18.85000000000001,-0.029687527908533594
18.950000000000003,-0.029380491174581132
19.049999999999997,-0.029059073383892194
19.150000000000006,-0.028723206394891513
19.25,-0.028372830574002077
19.35000000000001,-0.028007895072122486
19.450000000000003,-0.02762835810100641
19.549999999999997,-0.02723418720923286
19.650000000000006,-0.02682535955743468
19.75,-0.02640186219246548
19.85000000000001,-0.025963692320145247
19.950000000000003,-0.025510857576235613
20.049999999999997,-0.02504337629527414
20.150000000000006,-0.024561277776889053
20.25,-0.024064602549208097
20.35000000000001,-0.023553402628957595
20.450000000000003,-0.023027741777843183
20.549999999999997,-0.02248769575479169
20.650000000000006,-0.02193335256362404
20.75,-0.02136481269571616
20.85000000000001,-0.02078218936720019
20.950000000000003,-0.020185608750244728
21.049999999999997,-0.019575210197945538
21.150000000000006,-0.018951146462348804
21.25,-0.01831358390512352
21.35000000000001,-0.017662702700382612
21.450000000000003,-0.01699869702915953
21.549999999999997,-0.016321775265022705
21.650000000000006,-0.015632160150320876
21.75,-0.014930088962526107
21.85000000000001,-0.014215813670156093
21.950000000000003,-0.013489601077741404
22.049999999999997,-0.01275173295929202
22.150000000000006,-0.01200250617973292
22.25,-0.011242232803751662
22.35000000000001,-0.010471240191521132
22.450000000000003,-0.009689871080733404
22.549999999999997,-0.008898483654413886
22.650000000000006,-0.00809745159393995
22.75,-0.007287164116735448
22.85000000000001,-0.006468025998063746
22.950000000000003,-0.005640457576410172
23.049999999999997,-0.004804894741862954
23.150000000000006,-0.003961788906983976
23.25,-0.0031116069596248434
23.35000000000001,-0.002254831197144244
23.450000000000003,-0.0013919592415245006
23.549999999999997,-0.0005235039348521164
23.650000000000006,0.0003500067853354842
23.75,0.0012280300313344372
23.85000000000001,0.002110008131673556
23.950000000000003,0.0029953688191101673
24.049999999999997,0.00388352544067099
24.150000000000006,0.0047738771901838445
24.25,0.005665809363738841
24.35000000000001,0.006558693638476601
24.450000000000003,0.007451888375095305
24.549999999999997,0.00834473894446314
24.650000000000006,0.00923657807866385
24.75,0.010126726246817727
24.85000000000001,0.011014492055977822
24.950000000000003,0.011899172677371265
25.049999999999997,0.01278005429824024
25.150000000000006,0.013656412599506939
25.25,0.01452751325944306
25.35000000000001,0.015392612483511967
25.450000000000003,0.016250957560504615
25.549999999999997,0.017101787445067494
25.650000000000006,0.01794433336666725
25.75,0.018777819465016995
25.85000000000001,0.01960146345195402
25.950000000000003,0.020414477299684198
26.049999999999997,0.021216067955316262
26.150000000000006,0.02200543808151959
26.25,0.022781786823140558
26.35000000000001,0.023544310599503317
26.450000000000003,0.02429220392216194
26.549999999999997,0.025024660237727973
26.650000000000006,0.025740872795418965
26.75,0.02644003553888799
26.85000000000001,0.02712134402185156
26.950000000000003,0.02778399634697035
27.049999999999997,0.02842719412740756
27.150000000000006,0.029050143470403574
27.25,0.02965205598216786
27.35000000000001,0.03023214979332551
27.450000000000003,0.030789650604106416
27.549999999999997,0.03132379274838609
27.650000000000006,0.03183382027565142
27.75,0.032318988049890196
27.85000000000001,0.032778562864337606
27.950000000000003,0.0332118245709699
28.049999999999997,0.033618067223564016
28.14999999999999,0.033996600233060774
28.250000000000014,0.034346749533953974
28.35000000000001,0.03466785876030958
28.450000000000003,0.034959290430009275
28.549999999999997,0.03522042713570781
28.64999999999999,0.03545067274096105
28.750000000000014,0.035649453579910916
28.85000000000001,0.035816219658843844
28.950000000000003,0.035950445857905654
29.049999999999997,0.036051633131161075
29.14999999999999,0.03611930970315794
29.250000000000014,0.036153032260096425
29.35000000000001,0.036152387133616015
29.450000000000003,0.036116991475219136
29.549999999999997,0.03604649441923192
29.64999999999999,0.03594057823220532
29.750000000000014,0.03579895944658107
29.85000000000001,0.0356213899764075
29.950000000000003,0.03540765821286133
30.049999999999997,0.03515759009726568
30.14999999999999,0.03487105016927284
30.250000000000014,0.03454794258784397
30.35000000000001,0.034188212122616024
30.450000000000003,0.03379184511323098
30.549999999999997,0.03335887039415064
30.64999999999999,0.03288936018250326
30.750000000000014,0.03238343092643253
30.85000000000001,0.03184124411145697
30.950000000000003,0.03126300702230241
31.049999999999997,0.030648973457679085
31.14999999999999,0.02999944439547618
31.250000000000014,0.02931476860583632
31.35000000000001,0.028595343209595874
31.450000000000003,0.027841614179583873
31.549999999999997,0.027054076782279016
31.64999999999999,0.02623327595737488
31.750000000000014,0.02537980663280918
31.85000000000001,0.02449431397285053
31.950000000000003,0.023577493556893595
32.05,0.02263009148664288
32.14999999999999,0.021652904419424888
32.250000000000014,0.02064677952542892
32.35000000000001,0.0196126143667437
32.45,0.018551356696117644
32.55,0.01746400417347199
32.64999999999999,0.01635160399825347
32.750000000000014,0.015215252455831895
32.85000000000001,0.014056094376224815
32.95,0.012875322503550468
33.05,0.011674176774725722
33.14999999999999,0.010453943506026202
33.250000000000014,0.009215954486276816
33.35000000000001,0.007961585975552209
33.45,0.006692257608431239
33.55,0.005409431200964288
33.64999999999999,0.004114609460704997
33.750000000000014,0.002809334599280856
33.85000000000001,0.001495186847168855
33.95,0.00017378287052230765
34.05,-0.00115322590997022
34.14999999999999,-0.002484155097951642
34.250000000000014,-0.0038172891976352118
34.35000000000001,-0.005150883586796688
34.45,-0.00648316658573889
34.55,-0.007812341621218354
34.64999999999999,-0.009136589484122593
34.750000000000014,-0.010454070679440779
34.85000000000001,-0.011762927866886501
34.95,-0.013061288390266984
35.05,-0.014347266893480494
35.14999999999999,-0.015618968020772188
35.250000000000014,-0.016874489198671728
35.35000000000001,-0.018111923496739984
35.45,-0.01932936256406863
35.55,-0.02052489963818715
35.64999999999999,-0.021696632622798067
35.750000000000014,-0.02284266723052565
35.85000000000001,-0.023961120186588705
35.95,-0.025050122489090887
36.05,-0.02610782272133696
36.14999999999999,-0.027132390411397846
36.250000000000014,-0.028122019433811377
36.35000000000001,-0.029074931448168934
36.45,-0.029989379369021914
36.55,-0.030863650861346976
36.64999999999999,-0.031696071855562995
36.750000000000014,-0.03248501007588397
36.85000000000001,-0.033228878575564474
36.95,-0.033926139272374096
37.05,-0.03457530647747601
37.14999999999999,-0.03517495041062001
37.250000000000014,-0.03572370069445763
37.35000000000001,-0.03622024982053786
37.45,-0.03666335657942426
37.55,-0.03705184944720369
37.64999999999999,-0.03738462992052139
37.750000000000014,-0.03766067579213529
37.85000000000001,-0.03787904435888925
37.95,-0.03803887555389219
38.05,-0.03813939499460684
38.14999999999999,-0.038179916938485
38.250000000000014,-0.03815984713773791
38.35000000000001,-0.038078685584793055
38.45,-0.037936029139973876
38.55,-0.03773157403294096
38.64999999999999,-0.03746511822946214
38.750000000000014,-0.03713656365511637
38.85000000000001,-0.0367459182676035
38.95,-0.03629329796941517
39.05,-0.035778928352735766
39.14999999999999,-0.03520314626857397
39.250000000000014,-0.0345664012122577
39.35000000000001,-0.033869256517644865
39.45,-0.033112390352552444
39.55,-0.032296596508183686
39.64999999999999,-0.0314227849755292
39.750000000000014,-0.030491982302049667
39.85000000000001,-0.02950533172219048
39.95,-0.028464093055654248
40.05,-0.02736964236767149
40.14999999999999,-0.026223471385899932
40.250000000000014,-0.02502718666897929
40.35000000000001,-0.023782508522206574
40.45,-0.022491269656215417
40.55,-0.021155413585053007
40.64999999999999,-0.01977699276052599
40.750000000000014,-0.018358166440213108
40.85000000000001,-0.016901198287085722
40.95,-0.015408453699251319
41.05,-0.013882396868915141
41.14999999999999,-0.012325587570284409
41.250000000000014,-0.010740677676726079
41.35000000000001,-0.009130407408213774
41.45,-0.007497601310680374
41.55,-0.005845163969641679
41.64999999999999,-0.004176075461140098
41.750000000000014,-0.00249338654375534
41.85000000000001,-0.0008002135961763482
41.95,0.0009002666944397858
42.05,0.0026048228873353776
42.14999999999999,0.0043101745795225705
42.250000000000014,0.006012998426146168
42.35000000000001,0.007709934381576778
42.45,0.009397592152176629
42.55,0.011072557850945458
42.64999999999999,0.012731400843433131
42.750000000000014,0.014370680773586027
42.85000000000001,0.015986954757385576
42.95,0.017576784731424374
43.05,0.019136744942793615
43.14999999999999,0.02066342956592676
43.250000000000014,0.022153460431334135
43.35000000000001,0.0236034948504721
43.45,0.02501023352027436
43.55,0.02637042849028607
43.64999999999999,0.02768089117460579
43.750000000000014,0.028938500390363175
43.85000000000001,0.03014021040377695
43.95,0.03128305896436502
44.05,0.032364175307336096
44.14999999999999,0.03338078810378248
44.250000000000014,0.03433023333777567
44.35000000000001,0.0352099620892013
44.45,0.03601754820073264
44.55,0.03675069580712802
44.64999999999999,0.0374072467047687
44.750000000000014,0.03798518753917353
44.85000000000001,0.03848265678812097
44.95,0.038897951517934855
45.05,0.03922953389046173
45.14999999999999,0.039476037398360725
45.250000000000014,0.039636272806424504
45.35000000000001,0.03970923377682731
45.45,0.039694102156485736
45.55,0.03959025290499396
45.64999999999999,0.03939725864202067
45.750000000000014,0.039114893793519186
45.85000000000001,0.038743138316601554
45.95,0.038282180983601956
46.05,0.03773242220647146
46.14999999999999,0.037094476383452625
46.250000000000014,0.03636917375078545
46.35000000000001,0.03555756172312613
46.45,0.034660905707330866
46.55,0.033680689375282145
46.64999999999999,0.03261861438264286
46.750000000000014,0.03147659952151203
46.85000000000001,0.030256779296323942
46.95,0.02896150191360443
47.05,0.027593326677640136
47.14999999999999,0.026155020785563334
47.250000000000014,0.024649555516895925
47.35000000000001,0.023080101814190773
47.45,0.0214500252530401
47.55,0.019762880401441703
47.64999999999999,0.018022404570251675
47.750000000000014,0.016232510958237367
47.85000000000001,0.01439728119712339
47.95,0.012520957303829473
48.05,0.010607933049089
48.14999999999999,0.008662744753487153
48.250000000000014,0.006690061523992965
48.35000000000001,0.0046946749459721646
48.45,0.0026814882476833587
48.55,0.0006555049562466036
48.64999999999999,-0.0013781829339405806
48.750000000000014,-0.0034144072573951125
48.85000000000001,-0.005447936413409945
48.95,-0.0074734885147272395
49.05,-0.009485744920237894
49.14999999999999,-0.011479364121025248
49.250000000000014,-0.013448995947257856
49.35000000000001,-0.015389296061617723
49.45,-0.017294940703231777
49.55,-0.019160641644393066
49.64999999999999,-0.020981161320785664
49.750000000000014,-0.022751328094355514
49.85000000000001,-0.0244660516065982
49.95,-0.026120338178669635
50.05,-0.027709306213463996
50.14999999999999,-0.029228201553730813
50.250000000000014,-0.030672412749240183
50.35000000000001,-0.032037486185153875
50.45,-0.03331914102298899
50.55,-0.03451328390492109
50.64999999999999,-0.03561602337173243
50.750000000000014,-0.036623683944352524
50.85000000000001,-0.037532819818768506
50.95,-0.03834022812407743
51.05,-0.03904296169358356
51.14999999999999,-0.0396383412991828
51.250000000000014,-0.0401239672997629
51.35000000000001,-0.04049773065499574
51.45,-0.0407578232567811
51.55,-0.04090274753161722
51.64999999999999,-0.040931325268373765
51.750000000000014,-0.04084270562739197
51.85000000000001,-0.04063637228836415
51.95,-0.04031214969629041
52.05,-0.03987020836670892
52.14999999999999,-0.03931106921358992
52.250000000000014,-0.038635606865613834
52.35000000000001,-0.03784505193901861
52.45,-0.03694099223797537
52.55,-0.03592537285622318
52.64999999999999,-0.0348004951567962
52.750000000000014,-0.03356901460982645
52.85000000000001,-0.03223393747179422
52.95,-0.030798616293025136
53.05,-0.029266744243973023
53.14999999999999,-0.027642348254506562
53.250000000000014,-0.02592978096433565
53.35000000000001,-0.024133711486757844
53.45,-0.02225911499192605
53.55,-0.020311261120109204
53.65000000000002,-0.018295701239618312
53.750000000000014,-0.016218254568443287
53.85000000000001,-0.014084993182984012
53.95,-0.011902225941688781
54.05,-0.009676481355835848
54.15000000000002,-0.007414489444102408
54.250000000000014,-0.005123162612008741
54.35000000000001,-0.0028095756016662714
54.45,-0.00048094456163059974
54.55,0.001855394709110232
54.65000000000002,0.004192009284757742
54.750000000000014,0.006521392341664626
54.85000000000001,0.00883598702632769
54.95,0.011128210892366097
55.05,0.013390480832704632
55.15000000000002,0.015615238429761893
55.250000000000014,0.01779497564309342
55.35000000000001,0.019922260750925288
55.45,0.021989764459098643
55.55,0.023990286088424587
55.65000000000002,0.025916779749039064
55.750000000000014,0.027762380408367208
55.85000000000001,0.029520429757527007
55.95,0.03118450177952091
56.05,0.03274842792156864
56.15000000000002,0.03420632177306131
56.250000000000014,0.03555260315023911
56.35000000000001,0.03678202148869309
56.45,0.03788967844505151
56.55,0.03887104961003152
56.65000000000002,0.03972200523601598
56.750000000000014,0.040438829883990425
56.85000000000001,0.041018240896483704
56.95,0.04145740560552958
57.05,0.041753957187453866
57.15000000000002,0.04190600907939175
57.250000000000014,0.041912167876078245
57.35000000000001,0.041771544629394745
57.45,0.041483764477612074
57.55,0.04104897453596787
57.65000000000002,0.04046784998553506
57.750000000000014,0.03974159830276606
57.85000000000001,0.03887196157814902
57.95,0.03786121687863236
58.05,0.03671217461514537
58.15000000000002,0.03542817488346607
58.250000000000014,0.03401308175397949
58.35000000000001,0.03247127549335782
58.45,0.030807642709040347
58.55,0.02902756441535366
58.65000000000002,0.027136902028410917
58.750000000000014,0.025141981305265404
58.85000000000001,0.02304957425137838
58.95,0.020866879029131664
59.05,0.01860149790883443
59.15000000000002,0.016261413312457666
59.250000000000014,0.013854962009175709
59.35000000000001,0.01139080753049073
59.45,0.008877910881472297
59.55,0.006325499633240308
59.65000000000002,0.003743035490225105
59.750000000000014,0.0011401804340949106
59.85000000000001,-0.0014732384458438425
59.95,-0.0040872653180220415
60.05,-0.006691853044718067
60.15000000000002,-0.009276901556597899
60.250000000000014,-0.011832297026723332
60.35000000000001,-0.01434795169872594
60.45,-0.016813844218055637
60.55,-0.01922006030978647
60.65000000000002,-0.021556833641792287
60.750000000000014,-0.023814586707793867
60.85000000000001,-0.025983971561239615
60.95,-0.028055910228003585
61.05,-0.030021634623620706
61.15000000000002,-0.03187272579918724
61.250000000000014,-0.03360115233923226
61.35000000000001,-0.035199307734771604
61.45,-0.03666004655540566
61.55,-0.03797671924585449
61.65000000000002,-0.03914320537454371
61.750000000000014,-0.040153945164995895
61.85000000000001,-0.04100396914467406
61.95,-0.04168892575068641
62.05,-0.042205106737324305
62.15000000000002,-0.04254947023683048
62.250000000000014,-0.042719661332006525
62.35000000000001,-0.0427140300072553
62.45,-0.042531646353555705
62.55,-0.042172312912350955
62.65000000000002,-0.04163657405375747
62.750000000000014,-0.04092572229550119
62.85000000000001,-0.040041801480707295
62.95,-0.03898760674512499
63.05,-0.03776668121731446
63.15000000000002,-0.03638330940882119
63.250000000000014,-0.03484250726561361
63.35000000000001,-0.0331500088663595
63.45,-0.0313122497682266
63.55,-0.029336347016095787
63.65000000000002,-0.027230075846654395
63.750000000000014,-0.025001843134587642
63.85000000000001,-0.022660657644027117
63.95,-0.020216097164413683
64.05,-0.01767827262586685
64.15000000000002,-0.015057789305111542
64.25000000000001,-0.012365705248734739
64.35000000000001,-0.009613487056040121
64.45,-0.006812963178984573
64.55,-0.0039762749114327384
64.65000000000002,-0.0011158252542920642
64.75000000000001,0.0017557741431866076
64.85000000000001,0.004625757752604619
64.95,0.0074812624203353445
65.05,0.010309384868942319
65.15000000000002,0.01309724019814141
65.25000000000001,0.01583202112768759
65.35000000000001,0.018501057715883597
65.45,0.021091877279849503
65.55,0.023592264237307932
65.65000000000002,0.025990319584441975
65.75000000000001,0.028274519720545784
65.85000000000001,0.030433774327623075
65.95,0.032457483011910274
66.05,0.03433559041462099
66.15000000000002,0.036058639500906715
66.25000000000001,0.0376178227392374
66.35000000000001,0.03900503088814223
66.45,0.04021289911351276
66.55,0.04123485016741074
66.65000000000002,0.042065134368643925
66.75000000000001,0.042698866136201066
66.85000000000001,0.04313205683893347
66.95,0.043361643738659895
67.05,0.043385514819104305
67.15000000000002,0.04320252930971132
67.25000000000001,0.04281253373129219
67.35000000000001,0.04221637330977481
67.45,0.04141589862471897
67.55,0.04041396738087243
67.65000000000002,0.0392144412137085
67.75000000000001,0.03782217746345166
67.85000000000001,0.03624301587654552
67.95,0.034483760218788385
68.05,0.03255215481006531
68.15000000000002,0.030456856017101862
68.25000000000001,0.028207398767261173
68.35000000000001,0.025814158173460385
68.45,0.02328830638732953
68.55,0.02064176482481035
68.65000000000002,0.017887151935246273
68.75000000000001,0.015037726711580133
68.85000000000001,0.012107328165346183
68.95,0.009110311015546841
69.05,0.006061477865206972
69.15000000000002,0.0029760081630798543
69.25000000000001,-0.0001306157294187564
69.35000000000001,-0.0032426850245175667
69.45,-0.006344343186221314
69.55,-0.009419666420243564
69.65000000000002,-0.0124527455790883
69.75000000000001,-0.015427769070470653
69.85000000000001,-0.018329106344354123
69.95,-0.02114139152270213
70.05,-0.02384960672733642
70.15000000000002,-0.026439164654578733
70.25000000000001,-0.028895989941126687
70.35000000000001,-0.031206598863798344
70.45,-0.03335817691641817
70.55,-0.03533865381035005
70.65000000000002,-0.03713677545095334
70.75000000000001,-0.03874217245073215
70.85000000000001,-0.04014542475089692
70.95,-0.041338121936875395
71.05,-0.042312918849524546
71.15000000000002,-0.043063586112710515
71.25000000000001,-0.04358505521939442
71.35000000000001,-0.043873457842227605
71.45,-0.04392615906094905
71.55,-0.04374178422751081
71.65000000000002,-0.04332023922063523
71.75000000000001,-0.042662723874285956
71.85000000000001,-0.04177173839939281
71.95,-0.040651082654584635
72.05,-0.03930584815984967
72.15000000000002,-0.037742402786503294
72.25000000000001,-0.035968368097522255
72.35000000000001,-0.033992589354057426
72.45,-0.031825098246265233
72.55,-0.029477068449689902
72.65000000000002,-0.02696076415159136
72.75000000000001,-0.0242894817349985
72.85000000000001,-0.021477484851261577
72.95,-0.018539933154565306
73.05,-0.015492805013629348
73.15000000000002,-0.012352814556732837
73.25000000000001,-0.009137323445688537
73.35000000000001,-0.005864247812444761
73.45,-0.00255196082813441
73.55,0.0007808085914656355
73.65000000000002,0.0041150804083582605
73.75000000000001,0.007431730847695509
73.85000000000001,0.010711601954804787
73.95,0.013935612709195024
74.05,0.0170848710608014
74.15000000000002,0.020140786237048194
74.25000000000001,0.023085180656286525
74.35000000000001,0.02590040077397728
74.45,0.028569426182556514
74.55,0.031075976284811794
74.65000000000002,0.03340461386340222
74.75000000000001,0.03554084487625271
74.85000000000001,0.03747121381904608
74.95,0.03918339401161391
75.05,0.040666272185085464
75.15000000000002,0.04191002677087801
75.25000000000001,0.04290619932108662
75.35000000000001,0.0436477585223843
75.45,0.0441291563021876
75.55,0.04434637556622485
75.65000000000002,0.04429696915085006
75.75000000000001,0.04398008962103744
75.85000000000001,0.04339650959591902
75.95,0.04254863233762927
76.05,0.04144049239583362
76.15000000000002,0.040077746159453115
76.25000000000001,0.0384676522281747
76.35000000000001,0.0366190415793225
76.45,0.03454227756993267
76.55,0.03224920587912953
76.65000000000002,0.029753094561857096
76.75000000000001,0.027068564450970233
76.85000000000001,0.024211510210580798
76.95,0.021199012408559616
77.05,0.018049241040153333
77.15000000000002,0.014781350996996604
77.25000000000001,0.011415370036186288
77.35000000000001,0.00797207986196508
77.45,0.00447289098760055
77.55,0.0009397120965809001
77.65000000000002,-0.002605185329708052
77.75000000000001,-0.006139306307005423
77.85000000000001,-0.009640074715840215
77.95,-0.013084977857397892
78.05,-0.01645171228413547
78.15000000000002,-0.019718329968018936
78.25000000000001,-0.02286338385161988
78.35000000000001,-0.025866071815508818
78.45,-0.028706378089987487
78.55,-0.031365211140238075
78.65000000000002,-0.033824537061488164
78.75000000000001,-0.036067507535001785
78.85000000000001,-0.03807858141670115
78.95,-0.039843639057736815
79.05,-0.041350088490654066
79.15000000000002,-0.0425869626555936
79.25000000000001,-0.043545006888166496
79.35000000000001,-0.044216755944121416
79.45,-0.04459659989527157
79.55,-0.044680838296316173
79.65000000000002,-0.044467722092620024
79.75000000000001,-0.04395748281441749
79.85000000000001,-0.0431523486829567
79.95,-0.04205654733810896
80.05,-0.04067629498466055
80.15000000000002,-0.03901977184517778
80.25000000000001,-0.03709708390051313
80.35000000000001,-0.03492021099394254
80.45,-0.032502941471280515
80.55,-0.029860793626009192
80.65000000000002,-0.02701092431510946
80.75000000000001,-0.023972025207237176
80.85000000000001,-0.020764207219096095
80.95,-0.017408873788130448
81.05,-0.013928583718700347
81.15000000000002,-0.010346904424587121
81.25000000000001,-0.006688256471871646
81.35000000000001,-0.0029777504024172
81.45,0.0007589831111097091
81.55,0.004495968663551935
81.65000000000002,0.008207065896322597
81.75000000000001,0.011866152434609247
81.85000000000001,0.015447308718148846
81.95,0.018925003427394893
82.05,0.022274278182090195
82.15000000000002,0.025470930173806975
82.25000000000001,0.028491691387902918
82.35000000000001,0.03131440307414288
82.45,0.033918184138778285
82.55,0.03628359215459566
82.65000000000002,0.038392775719157814
82.75000000000001,0.04022961693506599
82.85000000000001,0.041779862839760526
82.95,0.043031244675526284
83.05,0.04397358396301475
83.15000000000002,0.044598884423318004
83.25000000000001,0.04490140888378565
83.35000000000001,0.04487774040121508
83.45,0.044526826941889974
83.55,0.0438500090705854
83.65000000000002,0.042851030219644135
83.75000000000001,0.04153602923327707
83.85000000000001,0.03991351501110936
83.95,0.03799432320719696
84.05,0.035791555075848636
84.15000000000002,0.03332049869224152
84.25000000000001,0.030598532913193175
84.35000000000001,0.027645014580482016
84.45,0.024481149604624698
84.55,0.02112984870011737
84.65000000000002,0.017615568672518837
84.75000000000001,0.013964140282565944
84.85000000000001,0.010202583831476222
84.95,0.006358913723850394
85.05,0.0024619333689519804
85.15000000000002,-0.0014589781231872769
85.25000000000001,-0.005374085908483838
85.35000000000001,-0.009253524420634962
85.45,-0.013067525746392781
85.55,-0.01678664963073101
85.65000000000002,-0.020382013339301425
85.75000000000001,-0.02382551957976538
85.85000000000001,-0.027090080671679388
85.95,-0.03014983715676684
86.05,-0.03298036905804983
86.15000000000002,-0.0355588980275991
86.25000000000001,-0.03786447866846996
86.35000000000001,-0.03987817737677703
86.45,-0.041583237124699225
86.55,-0.04296522669396935
86.65000000000002,-0.04401217297179048
86.75000000000001,-0.044714675036673444
86.85000000000001,-0.04506599888941363
86.95,-0.04506215182392306
87.05,-0.04470193558271147
87.15000000000002,-0.043986977601543784
87.25000000000001,-0.04292173981620091
87.35000000000001,-0.041513504679879236
87.45,-0.03977233822153028
87.55,-0.03771103016192167
87.65000000000002,-0.03534501129373057
87.75000000000001,-0.03269224852355884
87.85000000000001,-0.029773118165185387
87.95,-0.026610258263703727
88.05,-0.023228400917242046
88.15000000000002,-0.019654185745563494
88.25000000000001,-0.015915955831080707
88.35000000000001,-0.012043537626113064
88.45,-0.008068006479144331
88.55,-0.004021439580673258
88.65000000000002,0.00006334173556673127
88.75000000000001,0.0041530382787381016
88.85000000000001,0.008214145711295353
88.95,0.012213231430982156
89.05,0.01611721330018147
89.15000000000002,0.019893637845481996
89.25000000000001,0.023510955517073044
89.35000000000001,0.026938790584946866
89.45,0.030148203257188335
89.55,0.03311194163569614
89.65000000000002,0.03580468117643271
89.75000000000001,0.038203249395236914
89.85000000000001,0.04028683365605921
89.95,0.04203716999606968
90.05,0.04343871108102667
90.15000000000002,0.04447877154400011
90.25000000000001,0.04514764914013346
90.35000000000001,0.04543872034876444
90.45,0.045348509270513
90.55,0.04487672889985896
90.65000000000002,0.04402629410131922
90.75000000000001,0.04280330587812428
90.85000000000001,0.04121700679440331
90.95,0.039279707692966
91.05,0.03700668613885501
91.15000000000002,0.03441605731135908
91.25000000000001,0.031528618361700574
91.35000000000001,0.02836766754719615
91.45,0.024958799742888945
91.55,0.021329680215239826
91.65000000000002,0.017509798816443614
91.75000000000001,0.013530207019368511
91.85000000000001,0.009423240458556218
91.95,0.0052222298691396605
92.05,0.0009612035193596747
92.15000000000002,-0.0033254155892557704
92.25000000000001,-0.0076031143309695185
92.35000000000001,-0.011837592334156453
92.45,-0.01599505950753941
92.55,-0.020042524550504717
92.65000000000002,-0.023948070782790574
92.75000000000001,-0.02768111567271445
92.85000000000001,-0.031212650534457497
92.95,-0.03451545700611565
93.05,-0.03756429711376578
93.15000000000002,-0.040336073974534335
93.25000000000001,-0.04280996049514991
93.35000000000001,-0.04496749378317989
93.45,-0.04679263340658203
93.55,-0.04827178211385138
93.65000000000002,-0.04939376816124491
93.75000000000001,-0.05014978898473622
93.85000000000001,-0.050533316600245376
93.95,-0.05053996581413213
94.05,-0.050167327073244776
94.15000000000002,-0.049414766575495594
94.25000000000001,-0.04828319709251538
94.35000000000001,-0.04677482381862609
94.45,-0.044892870447115575
94.55,-0.042641291576227286
94.65000000000002,-0.040024478452663374
94.75000000000001,-0.03704696595709936
94.85000000000001,-0.033713149610474114
94.95,-0.030027022215749717
95.05,-0.025991940529890855
95.15000000000002,-0.021610433065791503
95.25000000000001,-0.016884060732229932
95.35000000000001,-0.011813342508519117
95.45,-0.006397758694107517
95.55,-0.0006358444443021199
95.65000000000002,0.005474613727831845
95.75000000000001,0.011936266068446612
95.85000000000001,0.01875176043718249
95.95,0.025923164855512357
96.05,0.033451241889303734
96.15000000000002,0.04133456657652113
96.25000000000001,0.04956848161649859
96.35000000000001,0.05814388602833646
96.45,0.06704585651922683
96.55,0.07625210444302885
96.65000000000002,0.08573127554589995
96.75000000000001,0.0954411047724676
96.85000000000001,0.10532644433637613
96.95,0.11531719015370728
97.05,0.12532613972366508
97.15000000000002,0.13524682376588382
97.25000000000001,0.14495136455656718
97.35000000000001,0.1542884261364232
97.45,0.16308133559773455
97.55,0.17112647070895118
97.65000000000002,0.17819202740056259
97.75000000000001,0.1840173012652207
97.85000000000001,0.18831264026170624
97.95,0.19076025110677694
98.05,0.191016068918437
98.15000000000002,0.18871292755763866
98.25000000000001,0.1834652950589122
98.35000000000001,0.17487586170148198
98.45,0.1625442832937334
98.55,0.1460783827683892
98.65000000000002,0.1251080903602187
98.75000000000001,0.09930234471065448
98.85000000000001,0.06838906945238087
98.95,0.03217816489657661
99.05,-0.00941280587348224
99.15000000000002,-0.0563309189682969
99.25000000000001,-0.10835933394314116
99.35000000000001,-0.16508960942575124
99.45,-0.2258972646789694
99.55,-0.28992360854126054
99.65000000000002,-0.35606739097578305
99.75000000000001,-0.42299009249220965
99.85000000000001,-0.4891384602494437
99.95,-0.5527870373817637
100.05,-0.6121017870257396
